delegation,superficie,chambres,salle_de_bains,etat,etage,gouvernorat_ariana,gouvernorat_ben-arous,gouvernorat_la-manouba,gouvernorat_tunis,prix
26.0,88,2,1,9,1,0.0,0.0,0.0,1.0,340000.0
23.0,100,2,1,9,1,0.0,0.0,0.0,1.0,135000.0
36.0,152,2,1,9,1,0.0,0.0,0.0,1.0,680000.0
36.0,120,1,1,9,1,0.0,0.0,0.0,1.0,470000.0
31.0,145,3,1,11,4,0.0,0.0,0.0,1.0,260000.0
36.0,132,2,2,10,5,0.0,0.0,0.0,1.0,620000.0
36.0,145,2,1,9,1,0.0,0.0,0.0,1.0,550000.0
37.0,209,3,1,10,1,0.0,0.0,0.0,1.0,774000.0
26.0,80,2,1,10,1,0.0,0.0,0.0,1.0,250000.0
23.0,65,2,1,9,1,0.0,0.0,0.0,1.0,125000.0
36.0,249,2,1,9,1,0.0,0.0,0.0,1.0,1270000.0
26.0,30,1,1,10,1,0.0,0.0,0.0,1.0,275000.0
37.0,242,3,2,10,1,0.0,0.0,0.0,1.0,900000.0
35.0,164,3,3,9,3,0.0,0.0,0.0,1.0,538000.0
36.0,99,2,2,9,1,0.0,0.0,0.0,1.0,334000.0
36.0,147,3,3,9,1,0.0,0.0,0.0,1.0,698000.0
26.0,68,1,1,9,1,0.0,0.0,0.0,1.0,255000.0
37.0,139,2,1,10,1,0.0,0.0,0.0,1.0,584000.0
37.0,158,2,2,8,2,0.0,0.0,0.0,1.0,750000.0
36.0,191,2,1,10,1,0.0,0.0,0.0,1.0,1146000.0
35.0,146,3,3,10,1,0.0,0.0,0.0,1.0,650000.0
35.0,93,2,1,11,1,0.0,0.0,0.0,1.0,235000.0
37.0,133,2,1,10,1,0.0,0.0,0.0,1.0,513000.0
35.0,73,1,1,11,1,0.0,0.0,0.0,1.0,210000.0
36.0,131,1,1,9,1,0.0,0.0,0.0,1.0,386000.0
37.0,250,3,2,8,1,0.0,0.0,0.0,1.0,740000.0
35.0,160,3,2,8,6,0.0,0.0,0.0,1.0,350000.0
26.0,127,1,1,8,1,0.0,0.0,0.0,1.0,420000.0
36.0,288,5,3,11,1,0.0,0.0,0.0,1.0,980000.0
35.0,172,2,1,11,1,0.0,0.0,0.0,1.0,750000.0
36.0,50,1,1,8,1,0.0,0.0,0.0,1.0,240000.0
36.0,150,3,2,9,1,0.0,0.0,0.0,1.0,695000.0
26.0,195,4,2,7,4,0.0,0.0,0.0,1.0,395000.0
36.0,300,2,1,11,1,0.0,0.0,0.0,1.0,550000.0
35.0,120,2,1,9,1,0.0,0.0,0.0,1.0,370000.0
35.0,116,2,1,11,1,0.0,0.0,0.0,1.0,280000.0
36.0,121,1,1,9,1,0.0,0.0,0.0,1.0,470000.0
36.0,210,1,1,9,1,0.0,0.0,0.0,1.0,430000.0
19.0,30,1,1,11,1,0.0,0.0,0.0,1.0,180000.0
33.0,140,3,1,11,1,0.0,0.0,0.0,1.0,285000.0
36.0,100,2,1,8,3,0.0,0.0,0.0,1.0,220000.0
36.0,170,3,1,8,1,0.0,0.0,0.0,1.0,780000.0
33.0,117,2,1,7,5,0.0,0.0,0.0,1.0,380000.0
38.0,194,3,2,11,1,0.0,0.0,0.0,1.0,860000.0
26.0,57,1,1,10,1,0.0,0.0,0.0,1.0,206000.0
36.0,61,2,1,9,1,0.0,0.0,0.0,1.0,370000.0
33.0,130,2,1,8,4,0.0,0.0,0.0,1.0,400000.0
36.0,67,1,1,11,1,0.0,0.0,0.0,1.0,280000.0
36.0,127,2,1,7,1,0.0,0.0,0.0,1.0,365000.0
35.0,85,1,1,9,3,0.0,0.0,0.0,1.0,415000.0
36.0,199,3,3,11,1,0.0,0.0,0.0,1.0,620000.0
35.0,45,1,1,9,3,0.0,0.0,0.0,1.0,245000.0
35.0,74,2,1,10,1,0.0,0.0,0.0,1.0,259500.0
35.0,164,2,2,10,1,0.0,0.0,0.0,1.0,472000.0
35.0,66,1,1,10,1,0.0,0.0,0.0,1.0,238000.0
35.0,102,2,1,10,1,0.0,0.0,0.0,1.0,375000.0
35.0,137,2,2,10,1,0.0,0.0,0.0,1.0,434000.0
26.0,60,1,1,11,1,0.0,0.0,0.0,1.0,170000.0
29.0,141,2,2,7,1,0.0,0.0,0.0,1.0,385000.0
30.0,178,3,3,9,3,0.0,0.0,0.0,1.0,680000.0
36.0,300,4,5,8,9,0.0,0.0,0.0,1.0,1490000.0
38.0,300,9,2,6,4,0.0,0.0,0.0,1.0,990000.0
26.0,132,3,2,6,4,0.0,0.0,0.0,1.0,320000.0
35.0,236,4,3,9,1,0.0,0.0,0.0,1.0,1100000.0
29.0,87,2,1,11,2,0.0,0.0,0.0,1.0,255000.0
36.0,100,2,1,8,1,0.0,0.0,0.0,1.0,383000.0
26.0,54,1,1,9,5,0.0,0.0,0.0,1.0,180000.0
35.0,140,2,1,11,1,0.0,0.0,0.0,1.0,450000.0
35.0,150,3,1,8,1,0.0,0.0,0.0,1.0,390000.0
35.0,180,3,3,10,1,0.0,0.0,0.0,1.0,970000.0
36.0,125,2,2,9,4,0.0,0.0,0.0,1.0,590000.0
35.0,140,2,3,10,1,0.0,0.0,0.0,1.0,620000.0
36.0,60,1,1,10,1,0.0,0.0,0.0,1.0,336000.0
37.0,175,3,2,11,2,0.0,0.0,0.0,1.0,490000.0
36.0,141,2,3,9,1,0.0,0.0,0.0,1.0,649000.0
26.0,150,3,2,8,2,0.0,0.0,0.0,1.0,390000.0
36.0,98,2,1,11,1,0.0,0.0,0.0,1.0,368000.0
13.0,100,3,1,11,1,0.0,0.0,0.0,1.0,250000.0
35.0,66,1,1,10,1,0.0,0.0,0.0,1.0,236000.0
35.0,136,2,2,8,1,0.0,0.0,0.0,1.0,580000.0
35.0,300,2,2,10,1,0.0,0.0,0.0,1.0,560000.0
35.0,64,1,1,10,1,0.0,0.0,0.0,1.0,232000.0
35.0,66,1,1,10,1,0.0,0.0,0.0,1.0,231000.0
35.0,160,3,3,10,1,0.0,0.0,0.0,1.0,550000.0
35.0,50,1,1,11,1,0.0,0.0,0.0,1.0,370000.0
35.0,53,1,1,11,1,0.0,0.0,0.0,1.0,240000.0
26.0,124,2,2,10,1,0.0,0.0,0.0,1.0,420000.0
36.0,162,3,2,10,1,0.0,0.0,0.0,1.0,825000.0
36.0,101,2,1,11,1,0.0,0.0,0.0,1.0,558000.0
36.0,103,2,1,11,1,0.0,0.0,0.0,1.0,572000.0
38.0,300,3,2,10,1,0.0,0.0,0.0,1.0,1560000.0
35.0,182,3,3,10,1,0.0,0.0,0.0,1.0,970000.0
25.0,90,3,1,8,3,0.0,0.0,0.0,1.0,320000.0
35.0,85,2,1,10,1,0.0,0.0,0.0,1.0,313000.0
37.0,166,3,2,10,1,0.0,0.0,0.0,1.0,400000.0
36.0,120,2,2,10,1,0.0,0.0,0.0,1.0,600000.0
29.0,198,3,2,6,1,0.0,0.0,0.0,1.0,750000.0
26.0,89,2,1,10,1,0.0,0.0,0.0,1.0,338950.0
36.0,118,2,2,10,1,0.0,0.0,0.0,1.0,547000.0
26.0,116,2,1,8,1,0.0,0.0,0.0,1.0,345000.0
35.0,70,1,1,10,1,0.0,0.0,0.0,1.0,260000.0
36.0,134,3,2,10,1,0.0,0.0,0.0,1.0,459000.0
36.0,175,3,3,11,1,0.0,0.0,0.0,1.0,975000.0
26.0,75,1,1,9,1,0.0,0.0,0.0,1.0,250000.0
36.0,82,3,1,10,1,0.0,0.0,0.0,1.0,450000.0
36.0,110,2,1,10,1,0.0,0.0,0.0,1.0,480000.0
26.0,132,3,1,10,1,0.0,0.0,0.0,1.0,415000.0
11.0,179,3,3,11,1,0.0,0.0,0.0,1.0,550000.0
36.0,55,1,1,11,1,0.0,0.0,0.0,1.0,385000.0
2.0,85,2,1,7,1,0.0,0.0,0.0,1.0,135000.0
26.0,75,1,1,11,1,0.0,0.0,0.0,1.0,175000.0
11.0,75,3,1,11,1,0.0,0.0,0.0,1.0,100000.0
36.0,93,2,1,10,1,0.0,0.0,0.0,1.0,380000.0
36.0,183,3,1,8,1,0.0,0.0,0.0,1.0,850000.0
38.0,100,2,1,5,2,0.0,0.0,0.0,1.0,415000.0
36.0,128,3,2,11,1,0.0,0.0,0.0,1.0,350000.0
26.0,107,2,1,6,2,0.0,0.0,0.0,1.0,230000.0
26.0,100,2,1,6,2,0.0,0.0,0.0,1.0,270000.0
33.0,110,4,2,4,3,0.0,0.0,0.0,1.0,220000.0
26.0,153,3,1,10,5,0.0,0.0,0.0,1.0,390000.0
35.0,170,3,2,10,1,0.0,0.0,0.0,1.0,1126000.0
38.0,142,2,2,10,8,0.0,0.0,0.0,1.0,784000.0
35.0,166,2,2,10,1,0.0,0.0,0.0,1.0,632000.0
25.0,178,3,1,11,1,0.0,0.0,0.0,1.0,500000.0
23.0,154,4,1,10,1,0.0,0.0,0.0,1.0,300000.0
25.0,120,3,1,11,1,0.0,0.0,0.0,1.0,295000.0
37.0,180,3,2,11,1,0.0,0.0,0.0,1.0,660000.0
26.0,200,3,2,11,1,0.0,0.0,0.0,1.0,520000.0
36.0,300,4,2,5,1,0.0,0.0,0.0,1.0,850000.0
36.0,121,2,1,8,1,0.0,0.0,0.0,1.0,550000.0
36.0,124,2,2,9,3,0.0,0.0,0.0,1.0,590000.0
36.0,222,3,3,11,1,0.0,0.0,0.0,1.0,1500000.0
35.0,159,3,3,9,5,0.0,0.0,0.0,1.0,507000.0
35.0,74,1,1,9,4,0.0,0.0,0.0,1.0,259000.0
35.0,182,3,3,9,2,0.0,0.0,0.0,1.0,600000.0
36.0,118,2,1,9,1,0.0,0.0,0.0,1.0,480000.0
36.0,158,3,3,8,2,0.0,0.0,0.0,1.0,720000.0
36.0,70,1,1,10,1,0.0,0.0,0.0,1.0,226000.0
26.0,128,4,1,10,1,0.0,0.0,0.0,1.0,360000.0
37.0,150,2,1,8,1,0.0,0.0,0.0,1.0,930000.0
26.0,154,3,2,7,1,0.0,0.0,0.0,1.0,370000.0
38.0,289,3,3,11,1,0.0,0.0,0.0,1.0,1445000.0
36.0,67,1,1,11,1,0.0,0.0,0.0,1.0,280000.0
35.0,118,2,2,9,3,0.0,0.0,0.0,1.0,389000.0
38.0,194,3,1,10,1,0.0,0.0,0.0,1.0,849000.0
35.0,109,2,2,10,1,0.0,0.0,0.0,1.0,371000.0
36.0,97,2,2,10,1,0.0,0.0,0.0,1.0,548000.0
38.0,300,4,3,11,1,0.0,0.0,0.0,1.0,1800000.0
35.0,118,2,2,9,1,0.0,0.0,0.0,1.0,376000.0
36.0,125,3,2,9,1,0.0,0.0,0.0,1.0,416000.0
36.0,245,3,2,8,1,0.0,0.0,0.0,1.0,900000.0
31.0,220,4,4,11,1,0.0,0.0,0.0,1.0,720000.0
36.0,153,3,2,7,1,0.0,0.0,0.0,1.0,520000.0
36.0,188,3,2,7,5,0.0,0.0,0.0,1.0,690000.0
2.0,140,3,1,6,1,0.0,0.0,0.0,1.0,205000.0
26.0,94,2,1,9,3,0.0,0.0,0.0,1.0,270000.0
36.0,76,2,1,9,1,0.0,0.0,0.0,1.0,435000.0
36.0,157,3,2,10,1,0.0,0.0,0.0,1.0,700000.0
36.0,100,2,1,10,1,0.0,0.0,0.0,1.0,555000.0
23.0,100,2,1,11,1,0.0,0.0,0.0,1.0,270000.0
35.0,67,1,1,10,1,0.0,0.0,0.0,1.0,241000.0
31.0,109,3,1,11,1,0.0,0.0,0.0,1.0,260000.0
26.0,147,3,2,11,5,0.0,0.0,0.0,1.0,370000.0
36.0,103,3,1,11,1,0.0,0.0,0.0,1.0,300000.0
37.0,150,2,2,10,1,0.0,0.0,0.0,1.0,980000.0
37.0,111,1,1,11,1,0.0,0.0,0.0,1.0,720000.0
36.0,130,2,2,9,1,0.0,0.0,0.0,1.0,720000.0
38.0,194,3,3,6,1,0.0,0.0,0.0,1.0,865000.0
26.0,74,1,1,8,6,0.0,0.0,0.0,1.0,230000.0
38.0,232,3,2,11,1,0.0,0.0,0.0,1.0,1000000.0
19.0,300,3,1,9,1,0.0,0.0,0.0,1.0,1850000.0
36.0,181,3,3,9,1,0.0,0.0,0.0,1.0,795000.0
26.0,112,3,2,11,1,0.0,0.0,0.0,1.0,594000.0
36.0,109,2,1,9,1,0.0,0.0,0.0,1.0,250000.0
35.0,115,2,2,9,1,0.0,0.0,0.0,1.0,490000.0
33.0,116,2,1,8,3,0.0,0.0,0.0,1.0,420000.0
35.0,117,2,2,9,1,0.0,0.0,0.0,1.0,386000.0
35.0,189,3,1,7,1,0.0,0.0,0.0,1.0,640000.0
35.0,122,2,2,9,3,0.0,0.0,0.0,1.0,400000.0
36.0,162,2,1,9,1,0.0,0.0,0.0,1.0,825000.0
37.0,138,2,2,10,1,0.0,0.0,0.0,1.0,692500.0
37.0,149,2,1,10,1,0.0,0.0,0.0,1.0,972000.0
37.0,138,2,1,10,1,0.0,0.0,0.0,1.0,531552.0
36.0,112,2,1,9,1,0.0,0.0,0.0,1.0,398000.0
19.0,137,2,1,9,1,0.0,0.0,0.0,1.0,300000.0
36.0,163,3,2,10,1,0.0,0.0,0.0,1.0,825000.0
19.0,93,2,1,7,1,0.0,0.0,0.0,1.0,270000.0
19.0,100,3,1,11,2,0.0,0.0,0.0,1.0,260000.0
35.0,160,2,2,10,1,0.0,0.0,0.0,1.0,865000.0
36.0,170,3,3,8,1,0.0,0.0,0.0,1.0,788000.0
36.0,153,3,2,11,1,0.0,0.0,0.0,1.0,530000.0
35.0,120,2,2,10,1,0.0,0.0,0.0,1.0,564000.0
19.0,97,2,1,6,4,0.0,0.0,0.0,1.0,280000.0
36.0,230,3,2,11,1,0.0,0.0,0.0,1.0,790000.0
36.0,200,3,2,8,1,0.0,0.0,0.0,1.0,1600000.0
35.0,102,2,1,10,1,0.0,0.0,0.0,1.0,750000.0
26.0,100,2,1,10,1,0.0,0.0,0.0,1.0,260000.0
37.0,120,1,1,11,1,0.0,0.0,0.0,1.0,680000.0
36.0,172,4,3,9,1,0.0,0.0,0.0,1.0,780000.0
36.0,99,2,2,9,1,0.0,0.0,0.0,1.0,437000.0
36.0,136,3,3,9,1,0.0,0.0,0.0,1.0,590000.0
36.0,126,2,2,10,1,0.0,0.0,0.0,1.0,668000.0
29.0,160,3,1,11,2,0.0,0.0,0.0,1.0,304000.0
36.0,136,3,3,9,1,0.0,0.0,0.0,1.0,620000.0
35.0,167,3,3,9,2,0.0,0.0,0.0,1.0,635000.0
36.0,200,3,2,11,1,0.0,0.0,0.0,1.0,990000.0
36.0,70,1,1,11,1,0.0,0.0,0.0,1.0,410000.0
36.0,100,2,1,9,1,0.0,0.0,0.0,1.0,340000.0
25.0,41,2,1,11,1,0.0,0.0,0.0,1.0,110000.0
36.0,75,2,1,9,1,0.0,0.0,0.0,1.0,570000.0
36.0,155,3,2,7,3,0.0,0.0,0.0,1.0,550000.0
36.0,68,2,1,6,2,0.0,0.0,0.0,1.0,400000.0
36.0,115,2,2,11,1,0.0,0.0,0.0,1.0,415000.0
31.0,180,3,2,5,1,0.0,0.0,0.0,1.0,470000.0
35.0,206,2,2,6,1,0.0,0.0,0.0,1.0,390000.0
35.0,43,1,1,9,1,0.0,0.0,0.0,1.0,245000.0
26.0,109,2,1,6,6,0.0,0.0,0.0,1.0,250000.0
38.0,180,3,3,7,3,0.0,0.0,0.0,1.0,820000.0
26.0,73,1,1,6,3,0.0,0.0,0.0,1.0,175000.0
23.0,97,2,1,6,6,0.0,0.0,0.0,1.0,210000.0
36.0,185,3,3,9,1,0.0,0.0,0.0,1.0,1320000.0
36.0,83,2,1,9,3,0.0,0.0,0.0,1.0,450000.0
36.0,300,4,3,8,4,0.0,0.0,0.0,1.0,3000000.0
36.0,30,2,1,8,10,0.0,0.0,0.0,1.0,680000.0
36.0,300,12,6,11,1,0.0,0.0,0.0,1.0,900000.0
37.0,30,2,1,9,1,0.0,0.0,0.0,1.0,1850000.0
26.0,142,3,2,9,3,0.0,0.0,0.0,1.0,370000.0
35.0,167,3,3,9,1,0.0,0.0,0.0,1.0,635000.0
36.0,194,4,4,9,3,0.0,0.0,0.0,1.0,1150000.0
36.0,92,2,1,9,1,0.0,0.0,0.0,1.0,506000.0
36.0,137,2,2,9,1,0.0,0.0,0.0,1.0,724000.0
38.0,74,1,1,8,1,0.0,0.0,0.0,1.0,380000.0
25.0,114,3,1,11,2,0.0,0.0,0.0,1.0,230000.0
36.0,220,4,1,10,1,0.0,0.0,0.0,1.0,650000.0
36.0,172,3,2,10,1,0.0,0.0,0.0,1.0,855000.0
36.0,208,3,2,10,1,0.0,0.0,0.0,1.0,850000.0
38.0,238,3,2,10,1,0.0,0.0,0.0,1.0,1000000.0
37.0,149,2,1,9,1,0.0,0.0,0.0,1.0,410000.0
36.0,84,2,1,9,1,0.0,0.0,0.0,1.0,750000.0
36.0,300,4,3,8,1,0.0,0.0,0.0,1.0,950000.0
35.0,85,1,1,10,1,0.0,0.0,0.0,1.0,400000.0
36.0,67,2,1,9,1,0.0,0.0,0.0,1.0,276000.0
33.0,145,4,2,4,1,0.0,0.0,0.0,1.0,450000.0
29.0,120,3,2,8,4,0.0,0.0,0.0,1.0,290000.0
36.0,75,2,1,11,1,0.0,0.0,0.0,1.0,370000.0
35.0,137,3,2,11,1,0.0,0.0,0.0,1.0,410000.0
35.0,146,2,2,11,1,0.0,0.0,0.0,1.0,575000.0
38.0,220,3,2,10,1,0.0,0.0,0.0,1.0,1000000.0
26.0,65,1,1,9,4,0.0,0.0,0.0,1.0,227500.0
33.0,120,4,1,11,1,0.0,0.0,0.0,1.0,450000.0
31.0,100,3,1,4,1,0.0,0.0,0.0,1.0,220000.0
35.0,202,4,3,11,7,0.0,0.0,0.0,1.0,620000.0
37.0,150,2,2,11,1,0.0,0.0,0.0,1.0,950000.0
36.0,273,4,5,10,1,0.0,0.0,0.0,1.0,1801110.0
36.0,147,2,2,10,1,0.0,0.0,0.0,1.0,650000.0
36.0,190,3,3,9,3,0.0,0.0,0.0,1.0,1263000.0
36.0,30,1,1,9,1,0.0,0.0,0.0,1.0,300000.0
35.0,127,2,2,10,1,0.0,0.0,0.0,1.0,370000.0
36.0,152,3,3,9,1,0.0,0.0,0.0,1.0,820000.0
4.0,69,1,1,10,1,0.0,0.0,0.0,1.0,112470.0
36.0,155,2,1,9,1,0.0,0.0,0.0,1.0,580000.0
36.0,30,2,1,10,1,0.0,0.0,0.0,1.0,950000.0
26.0,64,1,1,8,4,0.0,0.0,0.0,1.0,240000.0
26.0,156,3,2,7,6,0.0,0.0,0.0,1.0,375000.0
35.0,87,1,1,11,1,0.0,0.0,0.0,1.0,330000.0
23.0,30,1,1,8,4,0.0,0.0,0.0,1.0,125000.0
23.0,87,2,1,11,1,0.0,0.0,0.0,1.0,120000.0
36.0,150,2,3,9,3,0.0,0.0,0.0,1.0,928000.0
35.0,74,1,1,9,1,0.0,0.0,0.0,1.0,350000.0
26.0,150,3,2,10,1,0.0,0.0,0.0,1.0,408000.0
36.0,187,4,2,8,1,0.0,0.0,0.0,1.0,970000.0
35.0,146,3,1,6,2,0.0,0.0,0.0,1.0,318000.0
35.0,131,2,2,9,1,0.0,0.0,0.0,1.0,486000.0
37.0,115,1,1,7,1,0.0,0.0,0.0,1.0,900000.0
35.0,158,4,2,11,1,0.0,0.0,0.0,1.0,645000.0
35.0,198,2,2,9,2,0.0,0.0,0.0,1.0,710000.0
20.0,120,3,2,11,1,0.0,0.0,0.0,1.0,265000.0
36.0,156,3,2,8,2,0.0,0.0,0.0,1.0,220000.0
26.0,127,2,2,11,1,0.0,0.0,0.0,1.0,400000.0
38.0,180,3,3,11,1,0.0,0.0,0.0,1.0,850000.0
36.0,85,1,1,10,1,0.0,0.0,0.0,1.0,290000.0
4.0,121,3,1,9,1,0.0,0.0,0.0,1.0,195860.0
36.0,264,2,1,9,1,0.0,0.0,0.0,1.0,570000.0
36.0,288,5,3,11,1,0.0,0.0,0.0,1.0,980000.0
38.0,80,2,1,11,1,0.0,0.0,0.0,1.0,325000.0
36.0,51,1,1,10,1,0.0,0.0,0.0,1.0,309000.0
36.0,247,4,3,11,1,0.0,0.0,0.0,1.0,820000.0
36.0,134,3,2,11,1,0.0,0.0,0.0,1.0,450000.0
35.0,291,3,3,9,1,0.0,0.0,0.0,1.0,970000.0
36.0,70,1,1,10,1,0.0,0.0,0.0,1.0,440000.0
26.0,148,3,2,11,1,0.0,0.0,0.0,1.0,370000.0
35.0,161,3,3,9,4,0.0,0.0,0.0,1.0,514000.0
36.0,51,2,1,9,2,0.0,0.0,0.0,1.0,295896.0
36.0,81,2,1,9,1,0.0,0.0,0.0,1.0,270000.0
38.0,137,2,2,7,8,0.0,0.0,0.0,1.0,500000.0
37.0,158,3,1,10,1,0.0,0.0,0.0,1.0,580000.0
36.0,166,3,2,10,1,0.0,0.0,0.0,1.0,748000.0
37.0,160,3,2,7,3,0.0,0.0,0.0,1.0,500000.0
36.0,126,2,2,10,1,0.0,0.0,0.0,1.0,592600.0
36.0,119,3,2,9,1,0.0,0.0,0.0,1.0,393000.0
37.0,140,2,1,10,1,0.0,0.0,0.0,1.0,420000.0
29.0,100,3,1,11,1,0.0,0.0,0.0,1.0,245000.0
33.0,114,2,2,10,1,0.0,0.0,0.0,1.0,380000.0
38.0,130,2,1,11,1,0.0,0.0,0.0,1.0,660000.0
38.0,171,2,2,8,1,0.0,0.0,0.0,1.0,850000.0
36.0,85,1,1,9,1,0.0,0.0,0.0,1.0,413000.0
35.0,101,4,1,10,1,0.0,0.0,0.0,1.0,325000.0
19.0,123,3,2,6,2,0.0,0.0,0.0,1.0,205000.0
35.0,160,3,2,11,1,0.0,0.0,0.0,1.0,785000.0
35.0,135,2,2,11,1,0.0,0.0,0.0,1.0,350000.0
26.0,129,1,1,11,1,0.0,0.0,0.0,1.0,410000.0
35.0,60,1,1,10,1,0.0,0.0,0.0,1.0,238000.0
36.0,113,2,2,11,1,0.0,0.0,0.0,1.0,490000.0
38.0,195,3,2,7,1,0.0,0.0,0.0,1.0,860000.0
36.0,266,2,1,9,1,0.0,0.0,0.0,1.0,679000.0
35.0,218,2,1,9,1,0.0,0.0,0.0,1.0,1100000.0
38.0,202,2,1,9,1,0.0,0.0,0.0,1.0,1300000.0
36.0,132,2,2,10,1,0.0,0.0,0.0,1.0,594000.0
35.0,123,2,2,10,1,0.0,0.0,0.0,1.0,455000.0
36.0,84,1,1,11,1,0.0,0.0,0.0,1.0,380000.0
26.0,147,3,2,11,1,0.0,0.0,0.0,1.0,370000.0
26.0,155,4,1,11,1,0.0,0.0,0.0,1.0,295000.0
26.0,70,1,1,9,1,0.0,0.0,0.0,1.0,239000.0
26.0,157,3,2,10,1,0.0,0.0,0.0,1.0,399000.0
26.0,50,1,1,10,1,0.0,0.0,0.0,1.0,210000.0
36.0,120,2,2,9,1,0.0,0.0,0.0,1.0,450000.0
36.0,93,2,1,11,1,0.0,0.0,0.0,1.0,380000.0
36.0,224,2,1,9,1,0.0,0.0,0.0,1.0,800000.0
35.0,170,3,2,10,1,0.0,0.0,0.0,1.0,745000.0
26.0,50,1,1,8,1,0.0,0.0,0.0,1.0,175000.0
35.0,130,2,2,11,1,0.0,0.0,0.0,1.0,310000.0
36.0,130,2,1,9,1,0.0,0.0,0.0,1.0,420000.0
36.0,154,3,3,11,1,0.0,0.0,0.0,1.0,530000.0
36.0,70,1,1,9,1,0.0,0.0,0.0,1.0,420000.0
36.0,300,3,3,9,1,0.0,0.0,0.0,1.0,1800000.0
35.0,104,2,1,11,1,0.0,0.0,0.0,1.0,250000.0
37.0,118,1,1,10,1,0.0,0.0,0.0,1.0,800000.0
36.0,140,2,1,9,1,0.0,0.0,0.0,1.0,350000.0
36.0,149,3,3,8,1,0.0,0.0,0.0,1.0,695000.0
36.0,153,2,3,9,2,0.0,0.0,0.0,1.0,1025000.0
36.0,137,2,2,9,2,0.0,0.0,0.0,1.0,724000.0
37.0,63,1,1,10,1,0.0,0.0,0.0,1.0,350000.0
36.0,150,2,1,9,1,0.0,0.0,0.0,1.0,850000.0
37.0,130,2,1,9,1,0.0,0.0,0.0,1.0,375000.0
36.0,225,3,3,8,1,0.0,0.0,0.0,1.0,1237000.0
36.0,74,1,1,9,1,0.0,0.0,0.0,1.0,375000.0
19.0,74,2,1,9,1,0.0,0.0,0.0,1.0,170000.0
37.0,150,2,1,11,1,0.0,0.0,0.0,1.0,2500000.0
37.0,95,2,1,10,1,0.0,0.0,0.0,1.0,550000.0
37.0,165,3,2,8,2,0.0,0.0,0.0,1.0,465000.0
35.0,140,2,2,10,1,0.0,0.0,0.0,1.0,650000.0
30.0,114,2,1,9,1,0.0,0.0,0.0,1.0,440000.0
35.0,100,2,2,9,1,0.0,0.0,0.0,1.0,320000.0
36.0,65,2,1,9,1,0.0,0.0,0.0,1.0,210000.0
19.0,116,2,1,9,1,0.0,0.0,0.0,1.0,195000.0
37.0,175,3,2,9,2,0.0,0.0,0.0,1.0,490000.0
35.0,132,2,1,10,1,0.0,0.0,0.0,1.0,450000.0
36.0,220,3,2,9,5,0.0,0.0,0.0,1.0,850000.0
26.0,64,2,1,11,1,0.0,0.0,0.0,1.0,260000.0
38.0,170,3,1,11,1,0.0,0.0,0.0,1.0,600000.0
36.0,200,2,1,11,1,0.0,0.0,0.0,1.0,380000.0
36.0,163,4,3,9,1,0.0,0.0,0.0,1.0,875000.0
36.0,102,2,2,10,1,0.0,0.0,0.0,1.0,472590.0
31.0,86,2,2,8,1,0.0,0.0,0.0,1.0,230000.0
31.0,90,2,1,9,1,0.0,0.0,0.0,1.0,210000.0
36.0,212,2,1,9,1,0.0,0.0,0.0,1.0,1000000.0
29.0,137,2,2,9,1,0.0,0.0,0.0,1.0,550000.0
29.0,95,2,1,9,1,0.0,0.0,0.0,1.0,155000.0
36.0,145,2,1,10,1,0.0,0.0,0.0,1.0,768500.0
37.0,150,2,1,9,1,0.0,0.0,0.0,1.0,1200000.0
36.0,220,2,1,9,1,0.0,0.0,0.0,1.0,1050000.0
30.0,179,2,1,9,1,0.0,0.0,0.0,1.0,465000.0
30.0,110,2,1,9,1,0.0,0.0,0.0,1.0,265000.0
37.0,120,3,2,11,1,0.0,0.0,0.0,1.0,500000.0
36.0,72,1,1,11,1,0.0,0.0,0.0,1.0,320000.0
35.0,140,2,2,11,1,0.0,0.0,0.0,1.0,700000.0
36.0,90,2,1,11,1,0.0,0.0,0.0,1.0,195000.0
35.0,117,1,1,8,2,0.0,0.0,0.0,1.0,300000.0
36.0,300,4,1,10,1,0.0,0.0,0.0,1.0,680000.0
36.0,90,2,1,6,2,0.0,0.0,0.0,1.0,175000.0
11.0,115,2,1,11,1,0.0,0.0,0.0,1.0,150000.0
36.0,172,2,1,9,1,0.0,0.0,0.0,1.0,845000.0
36.0,300,4,5,7,1,0.0,0.0,0.0,1.0,2800000.0
38.0,146,4,3,8,1,0.0,0.0,0.0,1.0,530000.0
36.0,164,2,1,9,1,0.0,0.0,0.0,1.0,580000.0
29.0,163,2,1,9,1,0.0,0.0,0.0,1.0,340000.0
36.0,224,4,2,10,1,0.0,0.0,0.0,1.0,895000.0
38.0,201,2,1,9,1,0.0,0.0,0.0,1.0,1150000.0
36.0,300,4,4,10,1,0.0,0.0,0.0,1.0,1200000.0
36.0,175,3,3,11,1,0.0,0.0,0.0,1.0,780000.0
36.0,140,3,2,10,1,0.0,0.0,0.0,1.0,742000.0
36.0,83,1,1,11,1,0.0,0.0,0.0,1.0,380000.0
36.0,200,4,2,8,1,0.0,0.0,0.0,1.0,650000.0
26.0,67,1,1,9,1,0.0,0.0,0.0,1.0,265000.0
35.0,77,2,1,9,1,0.0,0.0,0.0,1.0,312000.0
36.0,240,4,3,11,1,0.0,0.0,0.0,1.0,975000.0
36.0,119,2,1,10,1,0.0,0.0,0.0,1.0,640000.0
36.0,77,1,1,9,1,0.0,0.0,0.0,1.0,440000.0
36.0,60,1,1,11,1,0.0,0.0,0.0,1.0,340000.0
33.0,100,1,2,10,1,0.0,0.0,0.0,1.0,389000.0
35.0,195,3,3,9,1,0.0,0.0,0.0,1.0,660000.0
36.0,83,1,1,9,2,0.0,0.0,0.0,1.0,445000.0
36.0,68,1,1,9,1,0.0,0.0,0.0,1.0,368000.0
36.0,129,2,1,10,1,0.0,0.0,0.0,1.0,709000.0
36.0,72,1,1,8,2,0.0,0.0,0.0,1.0,320000.0
36.0,93,2,2,9,6,0.0,0.0,0.0,1.0,500181.0
37.0,165,3,2,10,1,0.0,0.0,0.0,1.0,465000.0
38.0,100,2,1,6,3,0.0,0.0,0.0,1.0,440000.0
37.0,175,3,2,10,1,0.0,0.0,0.0,1.0,490000.0
33.0,129,3,2,10,1,0.0,0.0,0.0,1.0,520000.0
36.0,125,3,2,9,1,0.0,0.0,0.0,1.0,429000.0
35.0,117,2,1,9,2,0.0,0.0,0.0,1.0,386000.0
36.0,300,4,3,10,1,0.0,0.0,0.0,1.0,1800000.0
36.0,165,3,2,7,2,0.0,0.0,0.0,1.0,680000.0
35.0,186,3,3,9,1,0.0,0.0,0.0,1.0,720000.0
36.0,102,2,2,9,1,0.0,0.0,0.0,1.0,349000.0
36.0,110,2,2,9,8,0.0,0.0,0.0,1.0,589111.0
33.0,145,3,2,10,1,0.0,0.0,0.0,1.0,555000.0
31.0,140,3,2,5,1,0.0,0.0,0.0,1.0,310000.0
35.0,269,3,2,9,3,0.0,0.0,0.0,1.0,790000.0
36.0,175,3,2,9,1,0.0,0.0,0.0,1.0,780000.0
36.0,83,2,1,9,1,0.0,0.0,0.0,1.0,277000.0
36.0,117,2,2,10,2,0.0,0.0,0.0,1.0,641000.0
36.0,151,3,3,10,1,0.0,0.0,0.0,1.0,798000.0
35.0,131,2,1,8,1,0.0,0.0,0.0,1.0,350000.0
36.0,105,2,1,9,2,0.0,0.0,0.0,1.0,420000.0
36.0,60,1,1,11,1,0.0,0.0,0.0,1.0,320000.0
35.0,144,2,1,7,2,0.0,0.0,0.0,1.0,570000.0
36.0,110,2,2,9,1,0.0,0.0,0.0,1.0,364000.0
36.0,164,3,4,10,2,0.0,0.0,0.0,1.0,897000.0
36.0,140,3,2,9,7,0.0,0.0,0.0,1.0,741000.0
36.0,110,2,2,9,2,0.0,0.0,0.0,1.0,607000.0
36.0,140,3,2,6,1,0.0,0.0,0.0,1.0,495000.0
37.0,152,2,2,8,2,0.0,0.0,0.0,1.0,350000.0
36.0,150,3,3,10,2,0.0,0.0,0.0,1.0,735000.0
38.0,160,4,1,11,1,0.0,0.0,0.0,1.0,570000.0
35.0,72,1,1,9,1,0.0,0.0,0.0,1.0,457000.0
35.0,167,4,2,9,1,0.0,0.0,0.0,1.0,740000.0
35.0,205,3,3,10,1,0.0,0.0,0.0,1.0,1076000.0
36.0,72,1,1,8,1,0.0,0.0,0.0,1.0,305000.0
36.0,115,3,2,11,1,0.0,0.0,0.0,1.0,1500000.0
20.0,80,3,1,11,1,0.0,0.0,0.0,1.0,130000.0
36.0,72,1,1,6,1,0.0,0.0,0.0,1.0,320000.0
26.0,120,2,1,10,1,0.0,0.0,0.0,1.0,408646.0
23.0,170,2,1,9,1,0.0,0.0,0.0,1.0,480000.0
35.0,71,1,2,10,1,0.0,0.0,0.0,1.0,340000.0
23.0,63,2,1,9,1,0.0,0.0,0.0,1.0,125000.0
23.0,70,2,1,9,1,0.0,0.0,0.0,1.0,175000.0
26.0,90,2,1,11,1,0.0,0.0,0.0,1.0,240000.0
36.0,103,2,1,10,1,0.0,0.0,0.0,1.0,571650.0
23.0,140,2,1,9,1,0.0,0.0,0.0,1.0,280000.0
36.0,117,2,2,10,1,0.0,0.0,0.0,1.0,671000.0
36.0,232,3,4,10,2,0.0,0.0,0.0,1.0,1350000.0
26.0,95,2,1,6,5,0.0,0.0,0.0,1.0,220000.0
36.0,217,4,3,10,1,0.0,0.0,0.0,1.0,1193500.0
26.0,101,2,1,7,5,0.0,0.0,0.0,1.0,288000.0
36.0,139,2,2,9,1,0.0,0.0,0.0,1.0,764500.0
30.0,65,2,1,9,1,0.0,0.0,0.0,1.0,260000.0
35.0,70,1,1,10,1,0.0,0.0,0.0,1.0,370000.0
36.0,168,3,3,10,1,0.0,0.0,0.0,1.0,924000.0
37.0,206,3,2,10,1,0.0,0.0,0.0,1.0,780000.0
35.0,170,3,3,9,2,0.0,0.0,0.0,1.0,740000.0
37.0,108,2,1,9,1,0.0,0.0,0.0,1.0,210000.0
36.0,160,2,2,8,1,0.0,0.0,0.0,1.0,490000.0
36.0,219,3,2,9,1,0.0,0.0,0.0,1.0,1095000.0
36.0,191,2,1,9,1,0.0,0.0,0.0,1.0,700000.0
37.0,134,2,2,9,2,0.0,0.0,0.0,1.0,295000.0
35.0,173,3,3,7,6,0.0,0.0,0.0,1.0,690000.0
36.0,300,5,5,9,1,0.0,0.0,0.0,1.0,1600000.0
33.0,192,3,2,9,3,0.0,0.0,0.0,1.0,773000.0
36.0,300,2,1,9,1,0.0,0.0,0.0,1.0,1800000.0
26.0,70,1,1,7,6,0.0,0.0,0.0,1.0,180000.0
36.0,69,1,1,10,1,0.0,0.0,0.0,1.0,443000.0
33.0,132,2,1,9,1,0.0,0.0,0.0,1.0,255000.0
36.0,135,2,1,9,1,0.0,0.0,0.0,1.0,675000.0
4.0,124,4,1,9,5,0.0,0.0,0.0,1.0,196000.0
26.0,105,2,1,6,2,0.0,0.0,0.0,1.0,260000.0
36.0,181,3,2,9,3,0.0,0.0,0.0,1.0,785000.0
26.0,118,2,2,9,2,0.0,0.0,0.0,1.0,401000.0
36.0,140,3,4,9,1,0.0,0.0,0.0,1.0,650000.0
35.0,125,2,2,6,1,0.0,0.0,0.0,1.0,240000.0
38.0,296,3,3,7,6,0.0,0.0,0.0,1.0,900000.0
26.0,157,4,2,6,2,0.0,0.0,0.0,1.0,330000.0
26.0,71,1,1,9,1,0.0,0.0,0.0,1.0,239700.0
26.0,122,2,1,7,2,0.0,0.0,0.0,1.0,310000.0
26.0,100,2,1,6,6,0.0,0.0,0.0,1.0,240000.0
36.0,181,3,1,10,1,0.0,0.0,0.0,1.0,780000.0
36.0,132,2,1,7,1,0.0,0.0,0.0,1.0,350000.0
26.0,118,1,1,9,1,0.0,0.0,0.0,1.0,327000.0
17.0,170,3,1,11,1,0.0,0.0,0.0,1.0,240000.0
35.0,58,1,1,8,1,0.0,0.0,0.0,1.0,183000.0
36.0,118,2,2,9,1,0.0,0.0,0.0,1.0,600000.0
26.0,115,2,1,11,2,0.0,0.0,0.0,1.0,340000.0
26.0,77,2,1,6,4,0.0,0.0,0.0,1.0,245000.0
30.0,195,4,1,5,7,0.0,0.0,0.0,1.0,420000.0
30.0,300,2,1,9,1,0.0,0.0,0.0,1.0,200000.0
26.0,97,2,1,10,1,0.0,0.0,0.0,1.0,345000.0
26.0,100,3,1,5,2,0.0,0.0,0.0,1.0,280000.0
36.0,151,3,3,10,1,0.0,0.0,0.0,1.0,797000.0
36.0,239,4,3,10,1,0.0,0.0,0.0,1.0,750000.0
35.0,106,3,1,11,1,0.0,0.0,0.0,1.0,280000.0
29.0,152,3,2,9,1,0.0,0.0,0.0,1.0,520000.0
35.0,178,3,3,9,1,0.0,0.0,0.0,1.0,1126000.0
19.0,70,2,1,6,1,0.0,0.0,0.0,1.0,150000.0
36.0,189,4,1,10,1,0.0,0.0,0.0,1.0,930000.0
36.0,65,2,1,9,1,0.0,0.0,0.0,1.0,400000.0
20.0,85,2,1,11,3,0.0,0.0,0.0,1.0,220000.0
36.0,154,3,2,11,1,0.0,0.0,0.0,1.0,593000.0
36.0,252,4,2,10,1,0.0,0.0,0.0,1.0,947300.0
20.0,180,3,1,11,3,0.0,0.0,0.0,1.0,190000.0
36.0,204,2,1,9,1,0.0,0.0,0.0,1.0,780000.0
31.0,300,9,5,6,1,0.0,0.0,0.0,1.0,1800000.0
36.0,123,2,2,10,1,0.0,0.0,0.0,1.0,553500.0
37.0,180,3,2,10,1,0.0,0.0,0.0,1.0,915000.0
35.0,236,4,1,10,1,0.0,0.0,0.0,1.0,1100000.0
35.0,45,1,1,9,2,0.0,0.0,0.0,1.0,245000.0
26.0,110,2,2,9,1,0.0,0.0,0.0,1.0,360000.0
33.0,128,2,1,9,1,0.0,0.0,0.0,1.0,430000.0
38.0,244,2,1,9,1,0.0,0.0,0.0,1.0,1060000.0
17.0,113,2,1,7,4,0.0,0.0,0.0,1.0,200000.0
36.0,125,2,1,10,1,0.0,0.0,0.0,1.0,365000.0
36.0,125,2,1,10,1,0.0,0.0,0.0,1.0,405000.0
35.0,43,1,1,10,1,0.0,0.0,0.0,1.0,245000.0
26.0,90,2,2,6,2,0.0,0.0,0.0,1.0,320000.0
36.0,98,2,1,11,1,0.0,0.0,0.0,1.0,185000.0
23.0,110,2,1,11,1,0.0,0.0,0.0,1.0,250000.0
31.0,180,4,1,5,1,0.0,0.0,0.0,1.0,450000.0
36.0,120,2,1,11,2,0.0,0.0,0.0,1.0,170000.0
35.0,172,3,2,10,1,0.0,0.0,0.0,1.0,750000.0
36.0,112,2,1,11,1,0.0,0.0,0.0,1.0,250000.0
23.0,95,3,1,3,1,0.0,0.0,0.0,1.0,240000.0
36.0,72,1,1,11,1,0.0,0.0,0.0,1.0,320000.0
37.0,300,4,2,11,1,0.0,0.0,0.0,1.0,3000000.0
26.0,168,3,2,6,4,0.0,0.0,0.0,1.0,350000.0
35.0,110,2,1,10,1,0.0,0.0,0.0,1.0,500000.0
37.0,300,6,3,6,1,0.0,0.0,0.0,1.0,1100000.0
26.0,108,2,1,9,1,0.0,0.0,0.0,1.0,524000.0
26.0,75,1,1,9,4,0.0,0.0,0.0,1.0,304000.0
26.0,174,3,3,9,3,0.0,0.0,0.0,1.0,593000.0
26.0,165,3,3,9,1,0.0,0.0,0.0,1.0,561000.0
29.0,94,2,1,10,1,0.0,0.0,0.0,1.0,433600.0
11.0,93,4,1,11,1,0.0,0.0,0.0,1.0,120000.0
38.0,200,3,2,7,3,0.0,0.0,0.0,1.0,790000.0
29.0,57,1,1,10,1,0.0,0.0,0.0,1.0,338235.0
36.0,275,3,2,11,6,0.0,0.0,0.0,1.0,990000.0
36.0,120,2,1,9,1,0.0,0.0,0.0,1.0,510000.0
36.0,174,2,1,9,1,0.0,0.0,0.0,1.0,982000.0
26.0,185,3,3,11,1,0.0,0.0,0.0,1.0,460000.0
29.0,122,2,1,9,1,0.0,0.0,0.0,1.0,400000.0
36.0,90,2,1,11,1,0.0,0.0,0.0,1.0,490000.0
36.0,199,2,1,9,1,0.0,0.0,0.0,1.0,830000.0
35.0,153,3,2,10,1,0.0,0.0,0.0,1.0,430000.0
35.0,62,1,1,9,1,0.0,0.0,0.0,1.0,345000.0
38.0,70,1,1,5,1,0.0,0.0,0.0,1.0,300000.0
35.0,63,1,1,10,3,0.0,0.0,0.0,1.0,345000.0
38.0,120,2,1,7,7,0.0,0.0,0.0,1.0,580000.0
35.0,140,3,2,9,5,0.0,0.0,0.0,1.0,420000.0
31.0,114,2,1,5,1,0.0,0.0,0.0,1.0,330000.0
26.0,72,1,1,9,4,0.0,0.0,0.0,1.0,251850.0
36.0,124,2,2,9,4,0.0,0.0,0.0,1.0,420000.0
26.0,100,2,2,9,5,0.0,0.0,0.0,1.0,315000.0
36.0,43,1,1,10,1,0.0,0.0,0.0,1.0,265000.0
29.0,84,2,1,9,1,0.0,0.0,0.0,1.0,190000.0
29.0,103,2,1,9,1,0.0,0.0,0.0,1.0,470000.0
29.0,88,2,1,9,1,0.0,0.0,0.0,1.0,210000.0
29.0,173,2,1,9,1,0.0,0.0,0.0,1.0,325000.0
26.0,130,3,2,10,7,0.0,0.0,0.0,1.0,313000.0
36.0,108,2,1,10,1,0.0,0.0,0.0,1.0,540000.0
33.0,128,2,2,10,1,0.0,0.0,0.0,1.0,445000.0
36.0,210,3,2,11,1,0.0,0.0,0.0,1.0,320000.0
25.0,117,4,1,11,3,0.0,0.0,0.0,1.0,210000.0
30.0,178,3,3,10,1,0.0,0.0,0.0,1.0,680000.0
29.0,146,3,2,11,1,0.0,0.0,0.0,1.0,580000.0
35.0,173,3,2,11,4,0.0,0.0,0.0,1.0,650000.0
36.0,50,1,1,11,1,0.0,0.0,0.0,1.0,440000.0
37.0,176,3,2,9,1,0.0,0.0,0.0,1.0,420000.0
36.0,110,3,1,11,1,0.0,0.0,0.0,1.0,300000.0
26.0,92,1,1,9,5,0.0,0.0,0.0,1.0,340000.0
38.0,260,4,2,5,3,0.0,0.0,0.0,1.0,1500000.0
26.0,168,3,2,9,1,0.0,0.0,0.0,1.0,638000.0
26.0,188,3,2,9,1,0.0,0.0,0.0,1.0,750000.0
26.0,290,3,2,9,1,0.0,0.0,0.0,1.0,855000.0
26.0,135,2,2,9,4,0.0,0.0,0.0,1.0,540000.0
33.0,152,3,2,7,1,0.0,0.0,0.0,1.0,520000.0
36.0,225,3,3,11,1,0.0,0.0,0.0,1.0,770000.0
36.0,120,3,2,11,1,0.0,0.0,0.0,1.0,170000.0
31.0,115,3,2,11,2,0.0,0.0,0.0,1.0,290000.0
35.0,146,3,2,8,4,0.0,0.0,0.0,1.0,470000.0
26.0,95,2,1,11,1,0.0,0.0,0.0,1.0,270000.0
29.0,210,4,2,8,3,0.0,0.0,0.0,1.0,380000.0
29.0,137,2,2,11,1,0.0,0.0,0.0,1.0,380000.0
35.0,72,1,2,9,1,0.0,0.0,0.0,1.0,360000.0
36.0,141,2,2,10,1,0.0,0.0,0.0,1.0,620000.0
12.0,78,1,1,10,1,0.0,0.0,0.0,1.0,195980.0
36.0,168,3,3,10,1,0.0,0.0,0.0,1.0,756000.0
36.0,109,2,1,8,4,0.0,0.0,0.0,1.0,300000.0
26.0,97,2,1,11,1,0.0,0.0,0.0,1.0,270000.0
36.0,126,2,1,10,1,0.0,0.0,0.0,1.0,698000.0
36.0,224,2,1,9,1,0.0,0.0,0.0,1.0,850000.0
36.0,86,1,1,10,1,0.0,0.0,0.0,1.0,413000.0
29.0,115,2,2,11,1,0.0,0.0,0.0,1.0,350000.0
33.0,300,6,3,6,1,0.0,0.0,0.0,1.0,3100000.0
23.0,220,2,1,9,1,0.0,0.0,0.0,1.0,330000.0
36.0,100,2,1,9,1,0.0,0.0,0.0,1.0,250000.0
37.0,300,4,3,11,1,0.0,0.0,0.0,1.0,1700000.0
36.0,150,3,2,10,1,0.0,0.0,0.0,1.0,695000.0
23.0,115,2,1,9,1,0.0,0.0,0.0,1.0,160000.0
36.0,182,3,2,7,5,0.0,0.0,0.0,1.0,700000.0
36.0,95,2,1,11,1,0.0,0.0,0.0,1.0,210000.0
35.0,190,4,2,9,1,0.0,0.0,0.0,1.0,850000.0
12.0,101,1,1,10,1,0.0,0.0,0.0,1.0,252250.0
26.0,111,2,2,9,2,0.0,0.0,0.0,1.0,355968.0
35.0,79,1,1,10,1,0.0,0.0,0.0,1.0,385000.0
36.0,260,3,3,9,1,0.0,0.0,0.0,1.0,1450000.0
38.0,300,4,2,6,7,0.0,0.0,0.0,1.0,1750000.0
35.0,30,1,1,10,1,0.0,0.0,0.0,1.0,395000.0
36.0,174,3,3,11,1,0.0,0.0,0.0,1.0,700000.0
36.0,86,2,1,11,1,0.0,0.0,0.0,1.0,430000.0
26.0,173,2,1,9,1,0.0,0.0,0.0,1.0,540000.0
35.0,78,1,1,9,1,0.0,0.0,0.0,1.0,429000.0
37.0,132,2,1,9,1,0.0,0.0,0.0,1.0,550000.0
26.0,125,3,1,8,1,0.0,0.0,0.0,1.0,370000.0
19.0,76,2,1,6,1,0.0,0.0,0.0,1.0,120000.0
26.0,250,3,2,9,1,0.0,0.0,0.0,1.0,1050000.0
36.0,86,2,1,11,1,0.0,0.0,0.0,1.0,320000.0
36.0,183,2,1,9,1,0.0,0.0,0.0,1.0,720000.0
36.0,104,2,1,9,1,0.0,0.0,0.0,1.0,325000.0
37.0,300,4,4,10,1,0.0,0.0,0.0,1.0,1350000.0
26.0,132,3,2,9,5,0.0,0.0,0.0,1.0,380000.0
35.0,130,2,2,9,3,0.0,0.0,0.0,1.0,490000.0
36.0,103,3,2,11,1,0.0,0.0,0.0,1.0,425000.0
26.0,130,3,1,7,3,0.0,0.0,0.0,1.0,360000.0
25.0,97,2,1,11,1,0.0,0.0,0.0,1.0,175000.0
36.0,123,2,2,9,4,0.0,0.0,0.0,1.0,578000.0
36.0,203,2,3,9,1,0.0,0.0,0.0,1.0,857000.0
33.0,120,2,1,9,1,0.0,0.0,0.0,1.0,420000.0
36.0,130,2,1,9,1,0.0,0.0,0.0,1.0,780000.0
1.0,100,3,1,8,3,0.0,0.0,0.0,1.0,135000.0
36.0,105,1,1,9,3,0.0,0.0,0.0,1.0,442000.0
25.0,50,2,1,11,1,0.0,0.0,0.0,1.0,100000.0
29.0,127,2,1,8,1,0.0,0.0,0.0,1.0,470000.0
25.0,104,3,1,11,1,0.0,0.0,0.0,1.0,180000.0
20.0,90,2,1,6,2,0.0,0.0,0.0,1.0,165000.0
36.0,147,2,1,9,1,0.0,0.0,0.0,1.0,335000.0
36.0,274,4,5,10,1,0.0,0.0,0.0,1.0,1800000.0
36.0,126,2,2,9,2,0.0,0.0,0.0,1.0,605000.0
36.0,208,2,2,10,1,0.0,0.0,0.0,1.0,1050000.0
37.0,242,2,1,10,1,0.0,0.0,0.0,1.0,693000.0
36.0,176,3,2,8,1,0.0,0.0,0.0,1.0,275000.0
36.0,112,2,1,9,1,0.0,0.0,0.0,1.0,550000.0
35.0,140,3,1,6,2,0.0,0.0,0.0,1.0,320000.0
36.0,150,3,3,9,1,0.0,0.0,0.0,1.0,695000.0
36.0,190,2,1,9,1,0.0,0.0,0.0,1.0,1080000.0
33.0,110,2,1,9,1,0.0,0.0,0.0,1.0,195000.0
37.0,243,4,1,10,1,0.0,0.0,0.0,1.0,910000.0
19.0,110,3,1,11,2,0.0,0.0,0.0,1.0,210000.0
38.0,208,4,3,6,2,0.0,0.0,0.0,1.0,650000.0
26.0,144,3,3,9,5,0.0,0.0,0.0,1.0,482240.0
26.0,61,1,1,9,5,0.0,0.0,0.0,1.0,261222.0
36.0,100,2,1,8,2,0.0,0.0,0.0,1.0,450000.0
36.0,160,3,2,11,1,0.0,0.0,0.0,1.0,550000.0
36.0,135,3,2,9,2,0.0,0.0,0.0,1.0,628000.0
38.0,220,3,3,8,2,0.0,0.0,0.0,1.0,1300000.0
25.0,130,5,1,10,1,0.0,0.0,0.0,1.0,245000.0
23.0,95,3,1,10,1,0.0,0.0,0.0,1.0,275000.0
26.0,220,2,2,9,1,0.0,0.0,0.0,1.0,430000.0
35.0,175,3,2,10,1,0.0,0.0,0.0,1.0,620000.0
26.0,300,3,3,9,1,0.0,0.0,0.0,1.0,750000.0
30.0,142,3,2,11,1,0.0,0.0,0.0,1.0,330000.0
26.0,144,2,1,9,1,0.0,0.0,0.0,1.0,450000.0
26.0,125,3,2,9,1,0.0,0.0,0.0,1.0,450000.0
26.0,103,2,2,9,1,0.0,0.0,0.0,1.0,319000.0
36.0,84,2,1,9,1,0.0,0.0,0.0,1.0,380000.0
36.0,112,2,1,11,1,0.0,0.0,0.0,1.0,240000.0
36.0,120,2,1,10,1,0.0,0.0,0.0,1.0,400000.0
26.0,156,4,1,11,1,0.0,0.0,0.0,1.0,319000.0
35.0,144,4,3,11,1,0.0,0.0,0.0,1.0,580000.0
38.0,77,3,1,6,1,0.0,0.0,0.0,1.0,280000.0
26.0,108,2,2,10,3,0.0,0.0,0.0,1.0,368500.0
36.0,135,2,2,8,1,0.0,0.0,0.0,1.0,295000.0
36.0,76,1,1,10,1,0.0,0.0,0.0,1.0,435000.0
35.0,65,1,1,7,1,0.0,0.0,0.0,1.0,300000.0
35.0,135,1,1,9,1,0.0,0.0,0.0,1.0,521000.0
37.0,295,3,2,8,1,0.0,0.0,0.0,1.0,2400000.0
35.0,122,1,1,9,1,0.0,0.0,0.0,1.0,455000.0
35.0,123,1,1,9,1,0.0,0.0,0.0,1.0,477000.0
36.0,165,3,2,6,1,0.0,0.0,0.0,1.0,800000.0
23.0,300,4,3,8,3,0.0,0.0,0.0,1.0,850000.0
35.0,300,12,4,4,1,0.0,0.0,0.0,1.0,900000.0
38.0,144,2,2,7,4,0.0,0.0,0.0,1.0,550000.0
36.0,183,3,2,11,1,0.0,0.0,0.0,1.0,880000.0
19.0,58,1,1,11,1,0.0,0.0,0.0,1.0,100000.0
37.0,128,3,3,8,2,0.0,0.0,0.0,1.0,590000.0
37.0,150,2,2,9,1,0.0,0.0,0.0,1.0,950000.0
36.0,100,2,1,11,1,0.0,0.0,0.0,1.0,100000.0
35.0,253,3,3,10,1,0.0,0.0,0.0,1.0,899079.0
38.0,200,3,2,10,1,0.0,0.0,0.0,1.0,1100000.0
36.0,165,3,1,9,1,0.0,0.0,0.0,1.0,810000.0
38.0,267,3,2,10,1,0.0,0.0,0.0,1.0,1874000.0
36.0,250,3,2,10,1,0.0,0.0,0.0,1.0,750000.0
36.0,300,4,2,10,1,0.0,0.0,0.0,1.0,1250000.0
35.0,120,2,1,7,1,0.0,0.0,0.0,1.0,390000.0
38.0,262,3,1,10,1,0.0,0.0,0.0,1.0,1972000.0
26.0,85,2,1,11,1,0.0,0.0,0.0,1.0,220000.0
36.0,110,2,1,11,1,0.0,0.0,0.0,1.0,380000.0
36.0,192,3,1,11,1,0.0,0.0,0.0,1.0,350000.0
26.0,138,3,2,6,3,0.0,0.0,0.0,1.0,335000.0
35.0,185,3,3,8,7,0.0,0.0,0.0,1.0,760000.0
36.0,150,2,2,10,1,0.0,0.0,0.0,1.0,560000.0
26.0,65,1,1,9,1,0.0,0.0,0.0,1.0,234000.0
26.0,60,1,1,9,1,0.0,0.0,0.0,1.0,229000.0
26.0,120,3,3,7,1,0.0,0.0,0.0,1.0,390000.0
36.0,200,2,1,9,1,0.0,0.0,0.0,1.0,950000.0
36.0,125,3,1,10,1,0.0,0.0,0.0,1.0,590000.0
26.0,101,3,2,6,1,0.0,0.0,0.0,1.0,330000.0
23.0,200,2,1,11,1,0.0,0.0,0.0,1.0,550000.0
26.0,140,4,1,10,1,0.0,0.0,0.0,1.0,533165.0
35.0,182,4,3,11,1,0.0,0.0,0.0,1.0,620000.0
36.0,146,2,1,9,1,0.0,0.0,0.0,1.0,530000.0
36.0,154,2,3,9,1,0.0,0.0,0.0,1.0,1110000.0
36.0,221,3,3,9,1,0.0,0.0,0.0,1.0,883000.0
36.0,202,3,4,9,2,0.0,0.0,0.0,1.0,1342000.0
38.0,225,3,2,10,1,0.0,0.0,0.0,1.0,1485000.0
35.0,265,4,3,9,1,0.0,0.0,0.0,1.0,982000.0
38.0,105,2,1,11,1,0.0,0.0,0.0,1.0,460000.0
36.0,102,2,1,8,5,0.0,0.0,0.0,1.0,390000.0
36.0,273,4,4,10,1,0.0,0.0,0.0,1.0,1800000.0
36.0,110,2,1,7,1,0.0,0.0,0.0,1.0,450000.0
36.0,150,3,2,10,1,0.0,0.0,0.0,1.0,695000.0
36.0,172,3,2,9,1,0.0,0.0,0.0,1.0,855000.0
26.0,200,3,2,6,1,0.0,0.0,0.0,1.0,360000.0
36.0,100,1,1,11,1,0.0,0.0,0.0,1.0,100000.0
37.0,85,2,1,9,1,0.0,0.0,0.0,1.0,340000.0
36.0,181,3,2,10,1,0.0,0.0,0.0,1.0,780000.0
36.0,120,2,2,8,4,0.0,0.0,0.0,1.0,480000.0
36.0,67,1,1,8,7,0.0,0.0,0.0,1.0,276000.0
35.0,124,2,1,10,1,0.0,0.0,0.0,1.0,477000.0
26.0,120,2,1,10,1,0.0,0.0,0.0,1.0,377000.0
35.0,131,3,2,10,1,0.0,0.0,0.0,1.0,490000.0
19.0,101,2,1,9,1,0.0,0.0,0.0,1.0,295000.0
19.0,107,2,1,9,1,0.0,0.0,0.0,1.0,240000.0
35.0,112,2,2,10,1,0.0,0.0,0.0,1.0,380000.0
36.0,111,2,2,10,1,0.0,0.0,0.0,1.0,500000.0
26.0,300,2,1,10,1,0.0,0.0,0.0,1.0,470000.0
35.0,61,2,1,10,1,0.0,0.0,0.0,1.0,212000.0
36.0,126,2,2,10,1,0.0,0.0,0.0,1.0,685000.0
35.0,155,4,3,8,7,0.0,0.0,0.0,1.0,650000.0
35.0,130,2,1,4,1,0.0,0.0,0.0,1.0,400000.0
23.0,170,3,2,6,2,0.0,0.0,0.0,1.0,315000.0
35.0,122,2,3,9,1,0.0,0.0,0.0,1.0,455000.0
26.0,123,2,2,8,6,0.0,0.0,0.0,1.0,340000.0
26.0,120,2,1,9,3,0.0,0.0,0.0,1.0,400000.0
26.0,145,4,2,11,1,0.0,0.0,0.0,1.0,380000.0
37.0,200,4,3,11,1,0.0,0.0,0.0,1.0,1250000.0
29.0,110,2,1,5,3,0.0,0.0,0.0,1.0,320000.0
36.0,111,2,2,9,1,0.0,0.0,0.0,1.0,500000.0
30.0,200,4,3,10,1,0.0,0.0,0.0,1.0,700000.0
36.0,100,2,1,11,1,0.0,0.0,0.0,1.0,120000.0
35.0,84,1,1,11,1,0.0,0.0,0.0,1.0,210000.0
35.0,70,1,1,10,1,0.0,0.0,0.0,1.0,256000.0
23.0,99,2,1,9,1,0.0,0.0,0.0,1.0,205000.0
36.0,39,2,1,9,1,0.0,0.0,0.0,1.0,195000.0
29.0,93,2,1,9,1,0.0,0.0,0.0,1.0,180000.0
36.0,220,2,1,9,1,0.0,0.0,0.0,1.0,1100000.0
35.0,147,3,2,11,1,0.0,0.0,0.0,1.0,425000.0
17.0,185,3,2,9,1,0.0,0.0,0.0,1.0,550000.0
25.0,81,2,1,4,1,0.0,0.0,0.0,1.0,115000.0
35.0,110,1,1,9,1,0.0,0.0,0.0,1.0,407000.0
35.0,131,2,3,10,1,0.0,0.0,0.0,1.0,486000.0
35.0,131,1,1,9,1,0.0,0.0,0.0,1.0,486000.0
35.0,151,2,1,9,1,0.0,0.0,0.0,1.0,505000.0
35.0,132,1,1,9,1,0.0,0.0,0.0,1.0,493000.0
35.0,152,2,1,10,1,0.0,0.0,0.0,1.0,501000.0
37.0,189,2,1,9,1,0.0,0.0,0.0,1.0,825000.0
35.0,110,2,2,9,4,0.0,0.0,0.0,1.0,410000.0
35.0,132,2,2,10,1,0.0,0.0,0.0,1.0,450000.0
38.0,230,2,1,9,1,0.0,0.0,0.0,1.0,980000.0
30.0,110,2,1,10,1,0.0,0.0,0.0,1.0,300000.0
26.0,100,2,1,7,5,0.0,0.0,0.0,1.0,210000.0
38.0,69,1,1,9,1,0.0,0.0,0.0,1.0,466690.0
36.0,220,3,2,9,1,0.0,0.0,0.0,1.0,760000.0
26.0,154,3,1,10,1,0.0,0.0,0.0,1.0,340000.0
36.0,150,3,1,11,1,0.0,0.0,0.0,1.0,220000.0
17.0,120,2,1,11,1,0.0,0.0,0.0,1.0,250000.0
38.0,236,2,1,9,1,0.0,0.0,0.0,1.0,1100000.0
36.0,272,2,1,9,1,0.0,0.0,0.0,1.0,980000.0
36.0,69,2,1,9,1,0.0,0.0,0.0,1.0,443000.0
36.0,150,3,2,6,3,0.0,0.0,0.0,1.0,1250000.0
37.0,112,1,1,8,1,0.0,0.0,0.0,1.0,800000.0
36.0,202,4,3,8,1,0.0,0.0,0.0,1.0,980000.0
36.0,75,1,1,9,1,0.0,0.0,0.0,1.0,370000.0
36.0,125,2,1,10,1,0.0,0.0,0.0,1.0,590000.0
35.0,64,1,1,9,1,0.0,0.0,0.0,1.0,319000.0
36.0,140,2,2,9,1,0.0,0.0,0.0,1.0,720000.0
35.0,40,1,1,9,1,0.0,0.0,0.0,1.0,245000.0
35.0,235,4,3,9,1,0.0,0.0,0.0,1.0,1100000.0
36.0,140,3,2,8,6,0.0,0.0,0.0,1.0,330000.0
36.0,132,3,2,9,1,0.0,0.0,0.0,1.0,458000.0
36.0,85,2,1,9,1,0.0,0.0,0.0,1.0,311000.0
36.0,117,2,2,9,1,0.0,0.0,0.0,1.0,410000.0
37.0,160,2,3,8,2,0.0,0.0,0.0,1.0,750000.0
36.0,140,2,1,11,1,0.0,0.0,0.0,1.0,520000.0
38.0,210,2,2,10,1,0.0,0.0,0.0,1.0,1400000.0
29.0,110,2,1,9,1,0.0,0.0,0.0,1.0,210000.0
38.0,164,2,2,10,1,0.0,0.0,0.0,1.0,1215000.0
36.0,69,1,1,9,1,0.0,0.0,0.0,1.0,413000.0
38.0,183,3,2,11,1,0.0,0.0,0.0,1.0,790000.0
36.0,200,2,3,7,3,0.0,0.0,0.0,1.0,1350000.0
30.0,74,2,1,9,1,0.0,0.0,0.0,1.0,250000.0
20.0,140,13,7,11,1,0.0,0.0,0.0,1.0,770000.0
36.0,175,3,3,6,3,0.0,0.0,0.0,1.0,720000.0
7.0,90,2,1,6,1,0.0,0.0,0.0,1.0,190000.0
35.0,117,2,1,10,1,0.0,0.0,0.0,1.0,378000.0
36.0,90,2,1,10,1,0.0,0.0,0.0,1.0,480000.0
35.0,165,4,2,8,4,0.0,0.0,0.0,1.0,780000.0
36.0,126,2,1,9,3,0.0,0.0,0.0,1.0,669000.0
33.0,70,1,1,9,2,0.0,0.0,0.0,1.0,310000.0
37.0,110,3,2,11,1,0.0,0.0,0.0,1.0,290000.0
35.0,163,3,2,10,1,0.0,0.0,0.0,1.0,734000.0
35.0,137,3,2,11,1,0.0,0.0,0.0,1.0,295000.0
36.0,75,1,1,10,1,0.0,0.0,0.0,1.0,413000.0
36.0,86,2,1,9,1,0.0,0.0,0.0,1.0,330000.0
36.0,196,2,3,9,1,0.0,0.0,0.0,1.0,827000.0
36.0,130,3,1,9,1,0.0,0.0,0.0,1.0,520000.0
36.0,119,3,2,9,1,0.0,0.0,0.0,1.0,401000.0
36.0,101,2,1,9,2,0.0,0.0,0.0,1.0,388000.0
26.0,118,2,1,9,1,0.0,0.0,0.0,1.0,357000.0
35.0,138,2,2,10,1,0.0,0.0,0.0,1.0,727000.0
37.0,132,1,1,7,1,0.0,0.0,0.0,1.0,700000.0
35.0,121,2,2,10,1,0.0,0.0,0.0,1.0,438440.0
36.0,175,3,2,10,1,0.0,0.0,0.0,1.0,986000.0
36.0,290,3,3,9,1,0.0,0.0,0.0,1.0,1100000.0
29.0,90,2,1,3,4,0.0,0.0,0.0,1.0,170000.0
36.0,103,2,1,9,2,0.0,0.0,0.0,1.0,576800.0
19.0,54,3,1,3,1,0.0,0.0,0.0,1.0,100000.0
36.0,130,3,2,7,1,0.0,0.0,0.0,1.0,800000.0
29.0,165,4,2,3,6,0.0,0.0,0.0,1.0,385000.0
37.0,121,1,1,8,1,0.0,0.0,0.0,1.0,750000.0
37.0,207,3,3,9,2,0.0,0.0,0.0,1.0,724500.0
36.0,110,2,1,6,1,0.0,0.0,0.0,1.0,350000.0
37.0,137,2,2,11,1,0.0,0.0,0.0,1.0,880000.0
36.0,90,2,1,10,1,0.0,0.0,0.0,1.0,490000.0
31.0,117,3,1,3,7,0.0,0.0,0.0,1.0,215000.0
36.0,83,2,1,6,1,0.0,0.0,0.0,1.0,310000.0
35.0,202,4,2,11,7,0.0,0.0,0.0,1.0,620000.0
37.0,138,2,1,10,1,0.0,0.0,0.0,1.0,693700.0
37.0,139,2,2,9,1,0.0,0.0,0.0,1.0,583800.0
37.0,140,2,1,10,1,0.0,0.0,0.0,1.0,385000.0
37.0,142,2,2,9,1,0.0,0.0,0.0,1.0,637828.0
37.0,136,2,1,9,1,0.0,0.0,0.0,1.0,743230.0
35.0,136,2,2,10,1,0.0,0.0,0.0,1.0,570000.0
35.0,71,2,2,10,1,0.0,0.0,0.0,1.0,410000.0
36.0,200,3,3,8,1,0.0,0.0,0.0,1.0,980000.0
36.0,134,3,3,11,1,0.0,0.0,0.0,1.0,490000.0
36.0,133,2,1,9,1,0.0,0.0,0.0,1.0,450000.0
36.0,246,4,3,11,1,0.0,0.0,0.0,1.0,753000.0
36.0,115,2,1,8,6,0.0,0.0,0.0,1.0,420000.0
36.0,99,2,1,10,1,0.0,0.0,0.0,1.0,592600.0
31.0,180,3,2,5,2,0.0,0.0,0.0,1.0,495000.0
38.0,210,2,1,9,1,0.0,0.0,0.0,1.0,1400000.0
36.0,140,2,3,9,1,0.0,0.0,0.0,1.0,1097450.0
36.0,99,2,2,9,2,0.0,0.0,0.0,1.0,592600.0
36.0,170,3,2,7,3,0.0,0.0,0.0,1.0,650000.0
36.0,67,1,1,11,1,0.0,0.0,0.0,1.0,282000.0
36.0,52,1,1,10,1,0.0,0.0,0.0,1.0,296294.0
25.0,130,3,1,11,1,0.0,0.0,0.0,1.0,420000.0
36.0,147,2,2,8,3,0.0,0.0,0.0,1.0,470000.0
13.0,87,3,1,11,1,0.0,0.0,0.0,1.0,240000.0
26.0,111,2,2,10,1,0.0,0.0,0.0,1.0,422000.0
36.0,93,3,1,10,1,0.0,0.0,0.0,1.0,499566.0
38.0,300,2,1,10,1,0.0,0.0,0.0,1.0,1580000.0
38.0,123,2,2,11,1,0.0,0.0,0.0,1.0,510000.0
35.0,123,2,2,10,1,0.0,0.0,0.0,1.0,478000.0
36.0,170,2,2,9,1,0.0,0.0,0.0,1.0,790000.0
36.0,280,4,4,9,1,0.0,0.0,0.0,1.0,2190000.0
36.0,88,2,2,9,1,0.0,0.0,0.0,1.0,413000.0
36.0,125,3,2,9,1,0.0,0.0,0.0,1.0,430000.0
35.0,103,2,2,10,1,0.0,0.0,0.0,1.0,359000.0
35.0,63,1,1,10,1,0.0,0.0,0.0,1.0,350000.0
36.0,186,2,1,9,1,0.0,0.0,0.0,1.0,600000.0
37.0,170,3,1,11,1,0.0,0.0,0.0,1.0,550000.0
35.0,117,3,2,10,1,0.0,0.0,0.0,1.0,458000.0
36.0,160,3,3,10,1,0.0,0.0,0.0,1.0,580000.0
36.0,117,2,1,10,1,0.0,0.0,0.0,1.0,643500.0
36.0,252,3,3,10,1,0.0,0.0,0.0,1.0,947300.0
36.0,154,2,3,10,1,0.0,0.0,0.0,1.0,593000.0
36.0,126,2,1,10,1,0.0,0.0,0.0,1.0,698701.0
36.0,174,3,3,9,1,0.0,0.0,0.0,1.0,1314800.0
20.0,144,3,1,11,1,0.0,0.0,0.0,1.0,175000.0
23.0,120,2,1,9,1,0.0,0.0,0.0,1.0,175000.0
36.0,163,3,3,9,1,0.0,0.0,0.0,1.0,650000.0
38.0,194,3,2,11,1,0.0,0.0,0.0,1.0,865000.0
35.0,41,1,1,10,1,0.0,0.0,0.0,1.0,245000.0
38.0,100,2,1,10,1,0.0,0.0,0.0,1.0,410000.0
35.0,60,1,1,10,1,0.0,0.0,0.0,1.0,335000.0
36.0,176,2,2,8,1,0.0,0.0,0.0,1.0,550000.0
36.0,224,4,3,7,1,0.0,0.0,0.0,1.0,760000.0
35.0,165,3,1,8,1,0.0,0.0,0.0,1.0,580000.0
38.0,185,3,2,9,1,0.0,0.0,0.0,1.0,820000.0
36.0,145,2,2,9,1,0.0,0.0,0.0,1.0,660000.0
37.0,147,2,1,10,1,0.0,0.0,0.0,1.0,565100.0
26.0,121,2,1,11,2,0.0,0.0,0.0,1.0,271000.0
37.0,138,2,1,9,1,0.0,0.0,0.0,1.0,692453.0
36.0,163,3,3,9,2,0.0,0.0,0.0,1.0,734000.0
36.0,222,4,3,8,1,0.0,0.0,0.0,1.0,1350000.0
23.0,257,5,1,10,1,0.0,0.0,0.0,1.0,380000.0
36.0,120,3,1,7,2,0.0,0.0,0.0,1.0,160000.0
36.0,108,2,2,9,1,0.0,0.0,0.0,1.0,363000.0
26.0,75,1,1,11,1,0.0,0.0,0.0,1.0,260000.0
35.0,150,2,2,11,1,0.0,0.0,0.0,1.0,320000.0
38.0,111,2,1,7,1,0.0,0.0,0.0,1.0,530000.0
36.0,146,2,2,8,20,0.0,0.0,0.0,1.0,750000.0
36.0,87,2,1,8,5,0.0,0.0,0.0,1.0,450000.0
34.0,95,3,1,11,1,1.0,0.0,0.0,0.0,140000.0
36.0,82,2,1,10,1,0.0,0.0,0.0,1.0,450000.0
34.0,300,2,1,9,1,1.0,0.0,0.0,0.0,870000.0
36.0,300,7,3,11,1,1.0,0.0,0.0,0.0,980000.0
38.0,155,3,2,7,1,0.0,0.0,0.0,1.0,760000.0
24.0,110,2,1,9,1,1.0,0.0,0.0,0.0,378100.0
24.0,139,3,2,10,3,1.0,0.0,0.0,0.0,489800.0
32.0,152,3,3,9,5,1.0,0.0,0.0,0.0,519000.0
32.0,128,3,1,8,1,1.0,0.0,0.0,0.0,350000.0
34.0,157,3,1,10,1,1.0,0.0,0.0,0.0,495000.0
34.0,116,2,1,10,1,1.0,0.0,0.0,0.0,470000.0
34.0,127,2,1,9,1,1.0,0.0,0.0,0.0,380000.0
36.0,143,2,2,10,1,1.0,0.0,0.0,0.0,404000.0
34.0,83,2,1,9,1,1.0,0.0,0.0,0.0,283370.0
34.0,93,2,2,10,1,1.0,0.0,0.0,0.0,405000.0
34.0,160,3,2,8,6,1.0,0.0,0.0,0.0,520000.0
33.0,145,3,1,11,1,1.0,0.0,0.0,0.0,270000.0
36.0,102,2,1,9,1,1.0,0.0,0.0,0.0,320000.0
32.0,167,3,1,10,1,1.0,0.0,0.0,0.0,395000.0
34.0,130,2,1,11,1,1.0,0.0,0.0,0.0,245000.0
36.0,90,2,1,11,3,1.0,0.0,0.0,0.0,190000.0
34.0,214,3,1,8,3,1.0,0.0,0.0,0.0,635000.0
34.0,130,1,1,8,1,1.0,0.0,0.0,0.0,445000.0
32.0,140,3,3,11,1,1.0,0.0,0.0,0.0,410000.0
36.0,59,1,1,11,2,1.0,0.0,0.0,0.0,169000.0
36.0,130,2,1,9,1,1.0,0.0,0.0,0.0,350000.0
22.0,150,3,3,11,1,1.0,0.0,0.0,0.0,500000.0
36.0,147,3,3,10,1,1.0,0.0,0.0,0.0,411000.0
34.0,111,2,2,10,1,1.0,0.0,0.0,0.0,457000.0
33.0,130,3,2,7,2,1.0,0.0,0.0,0.0,360000.0
32.0,68,1,1,11,3,1.0,0.0,0.0,0.0,195000.0
36.0,145,4,2,11,1,1.0,0.0,0.0,0.0,345000.0
34.0,100,2,1,11,1,1.0,0.0,0.0,0.0,150000.0
34.0,225,2,2,8,1,1.0,0.0,0.0,0.0,665000.0
33.0,81,1,1,8,1,1.0,0.0,0.0,0.0,385810.0
34.0,122,2,1,9,2,1.0,0.0,0.0,0.0,494530.0
34.0,113,2,2,10,1,1.0,0.0,0.0,0.0,457492.0
32.0,129,4,1,11,1,1.0,0.0,0.0,0.0,495000.0
33.0,157,3,1,11,1,1.0,0.0,0.0,0.0,365000.0
34.0,122,3,2,9,1,1.0,0.0,0.0,0.0,541000.0
24.0,175,3,1,9,1,1.0,0.0,0.0,0.0,599700.0
24.0,129,2,1,9,1,1.0,0.0,0.0,0.0,364600.0
24.0,171,3,2,9,1,1.0,0.0,0.0,0.0,495700.0
24.0,136,2,1,9,1,1.0,0.0,0.0,0.0,384000.0
24.0,134,2,1,9,4,1.0,0.0,0.0,0.0,349300.0
24.0,117,2,1,9,5,1.0,0.0,0.0,0.0,324000.0
34.0,63,1,1,10,1,1.0,0.0,0.0,0.0,282000.0
24.0,111,2,1,9,5,1.0,0.0,0.0,0.0,322300.0
32.0,90,2,1,11,1,1.0,0.0,0.0,0.0,255000.0
34.0,93,2,1,9,1,1.0,0.0,0.0,0.0,368100.0
24.0,104,2,2,9,6,1.0,0.0,0.0,0.0,285800.0
24.0,173,3,1,10,1,1.0,0.0,0.0,0.0,418600.0
24.0,151,3,1,10,1,1.0,0.0,0.0,0.0,387800.0
24.0,194,3,1,10,1,1.0,0.0,0.0,0.0,498400.0
24.0,140,2,1,10,1,1.0,0.0,0.0,0.0,392000.0
34.0,167,3,1,10,1,1.0,0.0,0.0,0.0,690000.0
34.0,140,2,1,10,1,1.0,0.0,0.0,0.0,430000.0
34.0,70,1,1,10,2,1.0,0.0,0.0,0.0,285000.0
34.0,157,3,1,10,1,1.0,0.0,0.0,0.0,505000.0
34.0,99,2,1,10,2,1.0,0.0,0.0,0.0,396000.0
34.0,78,1,1,9,1,1.0,0.0,0.0,0.0,237000.0
34.0,84,1,1,11,1,1.0,0.0,0.0,0.0,320000.0
34.0,143,2,2,11,7,1.0,0.0,0.0,0.0,395000.0
34.0,138,2,2,11,1,1.0,0.0,0.0,0.0,430000.0
33.0,70,2,1,11,1,1.0,0.0,0.0,0.0,212000.0
33.0,75,1,1,8,3,1.0,0.0,0.0,0.0,200000.0
32.0,146,3,1,11,1,1.0,0.0,0.0,0.0,460000.0
32.0,130,3,2,11,1,1.0,0.0,0.0,0.0,365000.0
32.0,116,2,2,9,4,1.0,0.0,0.0,0.0,395000.0
32.0,100,1,1,8,4,1.0,0.0,0.0,0.0,315000.0
24.0,144,3,2,10,1,1.0,0.0,0.0,0.0,335000.0
33.0,140,3,2,11,1,1.0,0.0,0.0,0.0,235000.0
34.0,60,1,1,10,1,1.0,0.0,0.0,0.0,295000.0
34.0,115,2,2,9,1,1.0,0.0,0.0,0.0,480000.0
34.0,120,1,1,8,1,1.0,0.0,0.0,0.0,285000.0
33.0,100,2,1,9,1,1.0,0.0,0.0,0.0,260000.0
34.0,148,3,2,10,1,1.0,0.0,0.0,0.0,570501.0
34.0,59,1,1,10,1,1.0,0.0,0.0,0.0,234500.0
34.0,99,2,1,11,1,1.0,0.0,0.0,0.0,250000.0
34.0,153,2,2,9,2,1.0,0.0,0.0,0.0,425000.0
34.0,74,2,1,11,1,1.0,0.0,0.0,0.0,275000.0
33.0,150,2,1,9,1,1.0,0.0,0.0,0.0,330000.0
36.0,132,3,2,11,1,1.0,0.0,0.0,0.0,370000.0
22.0,300,4,2,11,1,1.0,0.0,0.0,0.0,370000.0
36.0,130,3,2,11,1,1.0,0.0,0.0,0.0,230000.0
34.0,120,2,2,10,1,1.0,0.0,0.0,0.0,396000.0
33.0,63,1,1,11,1,1.0,0.0,0.0,0.0,175000.0
32.0,55,1,1,8,1,1.0,0.0,0.0,0.0,187000.0
33.0,50,1,1,11,1,1.0,0.0,0.0,0.0,175000.0
36.0,155,4,2,10,1,1.0,0.0,0.0,0.0,700000.0
32.0,200,3,2,10,1,1.0,0.0,0.0,0.0,400000.0
34.0,112,3,1,10,1,1.0,0.0,0.0,0.0,380000.0
22.0,300,19,10,11,1,1.0,0.0,0.0,0.0,1500000.0
24.0,89,2,1,9,1,1.0,0.0,0.0,0.0,284800.0
36.0,86,2,1,10,1,1.0,0.0,0.0,0.0,250000.0
34.0,111,2,1,11,1,1.0,0.0,0.0,0.0,330000.0
32.0,39,1,1,10,1,1.0,0.0,0.0,0.0,180000.0
34.0,123,2,2,9,1,1.0,0.0,0.0,0.0,511640.0
36.0,70,2,1,11,1,1.0,0.0,0.0,0.0,175000.0
34.0,80,2,1,9,1,1.0,0.0,0.0,0.0,180000.0
22.0,144,3,2,9,1,1.0,0.0,0.0,0.0,330000.0
22.0,127,3,2,9,1,1.0,0.0,0.0,0.0,295000.0
34.0,76,1,1,8,1,1.0,0.0,0.0,0.0,197600.0
24.0,136,2,1,9,1,1.0,0.0,0.0,0.0,375000.0
24.0,188,3,2,9,1,1.0,0.0,0.0,0.0,526400.0
34.0,214,3,3,8,1,1.0,0.0,0.0,0.0,650000.0
34.0,152,3,3,8,1,1.0,0.0,0.0,0.0,445000.0
34.0,143,3,3,8,1,1.0,0.0,0.0,0.0,371800.0
34.0,130,2,2,9,2,1.0,0.0,0.0,0.0,365000.0
34.0,117,2,2,10,1,1.0,0.0,0.0,0.0,467461.0
22.0,57,1,1,9,1,1.0,0.0,0.0,0.0,135000.0
32.0,150,3,2,11,1,1.0,0.0,0.0,0.0,450000.0
34.0,97,2,2,10,1,1.0,0.0,0.0,0.0,405784.0
24.0,71,1,1,9,1,1.0,0.0,0.0,0.0,234400.0
34.0,115,2,2,9,2,1.0,0.0,0.0,0.0,480000.0
24.0,69,1,1,9,1,1.0,0.0,0.0,0.0,235000.0
36.0,69,1,1,10,1,1.0,0.0,0.0,0.0,173875.0
34.0,118,3,2,9,2,1.0,0.0,0.0,0.0,581000.0
34.0,120,3,2,10,1,1.0,0.0,0.0,0.0,245500.0
36.0,126,2,2,9,2,0.0,0.0,0.0,1.0,668701.0
36.0,219,3,5,10,1,0.0,0.0,0.0,1.0,1095000.0
36.0,133,2,1,10,1,0.0,0.0,0.0,1.0,560500.0
37.0,160,2,1,10,1,0.0,0.0,0.0,1.0,560000.0
36.0,252,3,1,8,1,0.0,0.0,0.0,1.0,1200000.0
29.0,116,3,1,3,3,0.0,0.0,0.0,1.0,100000.0
36.0,183,5,1,5,1,0.0,0.0,0.0,1.0,455000.0
36.0,300,3,2,9,4,0.0,0.0,0.0,1.0,2100000.0
26.0,180,3,3,8,6,0.0,0.0,0.0,1.0,550000.0
36.0,127,2,2,9,2,0.0,0.0,0.0,1.0,662000.0
19.0,71,2,1,6,4,0.0,0.0,0.0,1.0,120000.0
35.0,120,2,1,7,4,0.0,0.0,0.0,1.0,250000.0
17.0,123,3,2,11,1,0.0,0.0,0.0,1.0,235000.0
36.0,264,3,2,8,2,0.0,0.0,0.0,1.0,1100000.0
36.0,168,3,3,9,3,0.0,0.0,0.0,1.0,926000.0
33.0,120,2,2,7,1,0.0,0.0,0.0,1.0,360000.0
33.0,180,3,3,7,1,0.0,0.0,0.0,1.0,450000.0
36.0,300,3,1,9,1,0.0,0.0,0.0,1.0,1800000.0
36.0,120,2,2,9,1,0.0,0.0,0.0,1.0,950000.0
29.0,137,3,2,6,5,0.0,0.0,0.0,1.0,1700000.0
26.0,72,1,1,9,1,0.0,0.0,0.0,1.0,273600.0
36.0,175,3,2,9,2,0.0,0.0,0.0,1.0,926500.0
38.0,300,4,4,7,7,0.0,0.0,0.0,1.0,1500000.0
31.0,81,2,1,9,1,0.0,0.0,0.0,1.0,215000.0
36.0,126,2,1,9,2,0.0,0.0,0.0,1.0,670000.0
23.0,200,3,1,11,1,0.0,0.0,0.0,1.0,150000.0
25.0,100,3,1,10,1,0.0,0.0,0.0,1.0,250000.0
38.0,240,3,2,11,3,0.0,0.0,0.0,1.0,1800000.0
23.0,160,3,1,11,1,0.0,0.0,0.0,1.0,300000.0
4.0,80,2,1,6,1,0.0,0.0,0.0,1.0,120000.0
19.0,90,2,1,7,1,0.0,0.0,0.0,1.0,125000.0
36.0,185,4,3,7,1,0.0,0.0,0.0,1.0,590000.0
38.0,289,3,3,9,4,0.0,0.0,0.0,1.0,1500000.0
12.0,156,5,2,5,5,0.0,0.0,0.0,1.0,400000.0
36.0,150,3,1,11,1,0.0,0.0,0.0,1.0,510000.0
36.0,208,3,2,7,1,0.0,0.0,0.0,1.0,850000.0
38.0,115,2,2,11,1,0.0,0.0,0.0,1.0,880000.0
19.0,85,2,1,11,4,0.0,0.0,0.0,1.0,145000.0
37.0,200,3,2,9,1,0.0,0.0,0.0,1.0,750000.0
26.0,60,1,1,11,1,0.0,0.0,0.0,1.0,179000.0
36.0,90,1,1,11,1,0.0,0.0,0.0,1.0,400000.0
36.0,200,3,1,11,1,0.0,0.0,0.0,1.0,585000.0
35.0,165,2,1,7,2,0.0,0.0,0.0,1.0,520000.0
35.0,110,3,1,7,7,0.0,0.0,0.0,1.0,270000.0
37.0,206,3,2,10,2,0.0,0.0,0.0,1.0,790000.0
11.0,130,4,2,1,2,0.0,0.0,0.0,1.0,195000.0
36.0,200,4,2,7,1,0.0,0.0,0.0,1.0,600000.0
25.0,160,4,1,11,1,0.0,0.0,0.0,1.0,300000.0
30.0,178,3,3,9,2,0.0,0.0,0.0,1.0,720000.0
1.0,30,1,1,8,2,0.0,0.0,0.0,1.0,100000.0
38.0,200,3,3,6,1,0.0,0.0,0.0,1.0,850000.0
36.0,30,1,1,10,1,0.0,0.0,0.0,1.0,300000.0
38.0,220,3,2,11,5,0.0,0.0,0.0,1.0,1200000.0
19.0,135,3,1,11,1,0.0,0.0,0.0,1.0,280000.0
31.0,140,2,1,9,1,0.0,0.0,0.0,1.0,260000.0
37.0,300,2,1,9,1,0.0,0.0,0.0,1.0,1800000.0
23.0,300,9,3,11,1,0.0,0.0,0.0,1.0,430000.0
37.0,152,2,3,11,1,0.0,0.0,0.0,1.0,920000.0
36.0,160,2,3,10,1,0.0,0.0,0.0,1.0,865000.0
25.0,300,8,5,11,1,0.0,0.0,0.0,1.0,600000.0
30.0,69,2,1,11,1,0.0,0.0,0.0,1.0,165000.0
26.0,145,3,2,7,18,0.0,0.0,0.0,1.0,340000.0
36.0,75,2,1,9,1,0.0,0.0,0.0,1.0,450000.0
31.0,144,3,2,6,1,0.0,0.0,0.0,1.0,345000.0
36.0,110,2,1,7,1,0.0,0.0,0.0,1.0,280000.0
38.0,234,4,3,11,1,0.0,0.0,0.0,1.0,980000.0
35.0,112,2,2,9,1,0.0,0.0,0.0,1.0,450000.0
26.0,135,3,2,7,4,0.0,0.0,0.0,1.0,269000.0
36.0,187,3,1,8,4,0.0,0.0,0.0,1.0,780000.0
38.0,280,2,1,7,4,0.0,0.0,0.0,1.0,1200000.0
38.0,69,1,1,9,2,0.0,0.0,0.0,1.0,413000.0
35.0,122,2,1,8,1,0.0,0.0,0.0,1.0,304000.0
36.0,216,3,2,9,3,0.0,0.0,0.0,1.0,850000.0
36.0,157,3,2,8,1,0.0,0.0,0.0,1.0,965000.0
23.0,114,3,1,3,2,0.0,0.0,0.0,1.0,250000.0
36.0,243,2,1,9,1,0.0,0.0,0.0,1.0,1300000.0
31.0,140,3,2,11,1,0.0,0.0,0.0,1.0,450000.0
38.0,122,2,2,9,2,0.0,0.0,0.0,1.0,731000.0
33.0,110,3,2,11,1,0.0,0.0,0.0,1.0,250000.0
26.0,118,2,1,8,2,0.0,0.0,0.0,1.0,335000.0
36.0,77,1,1,9,1,0.0,0.0,0.0,1.0,465000.0
37.0,140,2,2,6,20,0.0,0.0,0.0,1.0,895000.0
38.0,300,2,1,9,1,0.0,0.0,0.0,1.0,4500000.0
38.0,300,4,3,11,3,0.0,0.0,0.0,1.0,1500000.0
33.0,213,2,1,6,6,0.0,0.0,0.0,1.0,470000.0
36.0,140,2,3,10,1,0.0,0.0,0.0,1.0,700000.0
36.0,99,2,1,9,2,0.0,0.0,0.0,1.0,592601.0
36.0,130,3,3,8,2,0.0,0.0,0.0,1.0,880000.0
26.0,60,1,1,7,6,0.0,0.0,0.0,1.0,175000.0
23.0,65,2,1,8,19,0.0,0.0,0.0,1.0,140000.0
36.0,128,2,2,8,2,0.0,0.0,0.0,1.0,445000.0
38.0,160,3,3,11,1,0.0,0.0,0.0,1.0,750000.0
35.0,133,2,1,10,1,0.0,0.0,0.0,1.0,520000.0
38.0,205,3,3,11,1,0.0,0.0,0.0,1.0,820000.0
2.0,81,3,1,6,4,0.0,0.0,0.0,1.0,100000.0
37.0,128,2,2,7,1,0.0,0.0,0.0,1.0,840000.0
38.0,220,3,3,8,1,0.0,0.0,0.0,1.0,1300000.0
38.0,300,4,3,6,1,0.0,0.0,0.0,1.0,1100000.0
38.0,69,1,1,11,1,0.0,0.0,0.0,1.0,413000.0
29.0,160,5,2,5,8,0.0,0.0,0.0,1.0,400000.0
36.0,300,8,1,8,1,0.0,0.0,0.0,1.0,1300000.0
17.0,70,2,1,3,5,0.0,0.0,0.0,1.0,100000.0
36.0,152,3,1,6,2,0.0,0.0,0.0,1.0,285000.0
26.0,155,3,1,7,6,0.0,0.0,0.0,1.0,340000.0
26.0,145,3,2,7,2,0.0,0.0,0.0,1.0,355000.0
23.0,70,3,1,11,1,0.0,0.0,0.0,1.0,220000.0
36.0,152,4,2,10,1,0.0,0.0,0.0,1.0,550000.0
37.0,130,2,1,10,1,0.0,0.0,0.0,1.0,380000.0
33.0,117,2,2,10,1,0.0,0.0,0.0,1.0,409500.0
37.0,209,3,1,9,1,0.0,0.0,0.0,1.0,732000.0
26.0,44,1,1,9,1,0.0,0.0,0.0,1.0,169000.0
36.0,120,2,2,8,4,0.0,0.0,0.0,1.0,500000.0
36.0,300,4,5,8,1,0.0,0.0,0.0,1.0,2300000.0
33.0,202,4,3,10,4,0.0,0.0,0.0,1.0,792750.0
23.0,136,4,1,10,1,0.0,0.0,0.0,1.0,160000.0
35.0,100,2,1,8,20,0.0,0.0,0.0,1.0,430000.0
19.0,100,3,1,11,1,0.0,0.0,0.0,1.0,240000.0
11.0,93,4,1,11,1,0.0,0.0,0.0,1.0,135000.0
26.0,135,3,1,8,2,0.0,0.0,0.0,1.0,350000.0
36.0,147,2,2,8,1,0.0,0.0,0.0,1.0,650000.0
33.0,70,1,1,10,3,0.0,0.0,0.0,1.0,279110.0
36.0,120,2,1,9,3,0.0,0.0,0.0,1.0,380000.0
36.0,80,1,1,10,1,0.0,0.0,0.0,1.0,442000.0
30.0,56,1,2,6,5,0.0,0.0,0.0,1.0,215000.0
23.0,300,7,4,11,1,0.0,0.0,0.0,1.0,2100000.0
37.0,145,3,3,10,1,0.0,0.0,0.0,1.0,1350000.0
28.0,225,5,2,11,2,0.0,1.0,0.0,0.0,450000.0
19.0,154,2,1,11,1,0.0,0.0,0.0,1.0,260000.0
31.0,110,2,1,6,1,0.0,0.0,0.0,1.0,275000.0
25.0,90,3,2,11,1,0.0,0.0,0.0,1.0,175000.0
25.0,160,24,8,11,1,0.0,0.0,0.0,1.0,1500000.0
36.0,172,3,2,11,1,0.0,0.0,0.0,1.0,848000.0
23.0,179,3,1,6,2,0.0,0.0,0.0,1.0,480000.0
23.0,115,2,2,9,1,0.0,0.0,0.0,1.0,280000.0
29.0,110,3,1,11,3,0.0,0.0,0.0,1.0,255000.0
36.0,150,3,2,5,1,0.0,0.0,0.0,1.0,590000.0
36.0,128,2,2,10,1,0.0,0.0,0.0,1.0,640000.0
36.0,150,2,1,9,1,0.0,0.0,0.0,1.0,510000.0
36.0,125,2,1,9,1,0.0,0.0,0.0,1.0,725000.0
36.0,225,2,1,9,1,0.0,0.0,0.0,1.0,700000.0
26.0,121,2,1,11,1,0.0,0.0,0.0,1.0,300000.0
26.0,90,2,1,11,1,0.0,0.0,0.0,1.0,270000.0
35.0,131,3,1,10,1,0.0,0.0,0.0,1.0,410000.0
36.0,106,6,1,10,1,0.0,0.0,0.0,1.0,820000.0
26.0,147,4,3,8,1,0.0,0.0,0.0,1.0,380000.0
26.0,118,2,1,11,1,0.0,0.0,0.0,1.0,225000.0
26.0,100,2,1,11,1,0.0,0.0,0.0,1.0,180000.0
26.0,85,2,1,11,1,0.0,0.0,0.0,1.0,195000.0
30.0,134,3,1,7,3,0.0,0.0,0.0,1.0,380000.0
36.0,95,2,1,9,1,0.0,0.0,0.0,1.0,540000.0
26.0,105,1,1,11,1,0.0,0.0,0.0,1.0,285000.0
35.0,160,3,2,11,1,0.0,0.0,0.0,1.0,440000.0
35.0,116,2,1,10,1,0.0,0.0,0.0,1.0,350000.0
36.0,240,4,2,11,1,0.0,0.0,0.0,1.0,360000.0
38.0,185,3,2,10,1,0.0,0.0,0.0,1.0,795000.0
35.0,110,2,1,11,1,0.0,0.0,0.0,1.0,240000.0
23.0,177,2,1,9,1,0.0,0.0,0.0,1.0,230000.0
37.0,250,3,1,10,1,0.0,0.0,0.0,1.0,1250000.0
38.0,68,1,1,10,1,0.0,0.0,0.0,1.0,350000.0
38.0,147,2,2,11,1,0.0,0.0,0.0,1.0,650000.0
35.0,236,3,3,9,3,0.0,0.0,0.0,1.0,1100000.0
36.0,162,3,3,9,1,0.0,0.0,0.0,1.0,825000.0
38.0,103,2,1,7,1,0.0,0.0,0.0,1.0,530000.0
36.0,147,2,1,9,1,0.0,0.0,0.0,1.0,680000.0
36.0,130,2,3,10,1,0.0,0.0,0.0,1.0,690000.0
35.0,90,1,1,11,1,0.0,0.0,0.0,1.0,220000.0
30.0,63,2,1,9,1,0.0,0.0,0.0,1.0,230000.0
38.0,300,5,4,9,1,0.0,0.0,0.0,1.0,1900000.0
23.0,63,2,1,6,3,0.0,0.0,0.0,1.0,100000.0
35.0,72,1,1,9,1,0.0,0.0,0.0,1.0,390000.0
36.0,148,2,1,9,1,0.0,0.0,0.0,1.0,580000.0
20.0,238,8,6,4,1,0.0,0.0,0.0,1.0,500000.0
26.0,87,2,1,11,1,0.0,0.0,0.0,1.0,220000.0
12.0,135,3,1,11,3,0.0,0.0,0.0,1.0,290000.0
12.0,62,2,1,6,2,0.0,0.0,0.0,1.0,140000.0
26.0,173,3,1,10,1,0.0,0.0,0.0,1.0,430000.0
12.0,42,2,1,6,1,0.0,0.0,0.0,1.0,110000.0
36.0,190,3,3,10,1,0.0,0.0,0.0,1.0,912000.0
26.0,190,4,1,11,1,0.0,0.0,0.0,1.0,480000.0
36.0,300,3,2,11,1,0.0,0.0,0.0,1.0,1300000.0
26.0,138,3,2,11,1,0.0,0.0,0.0,1.0,290000.0
35.0,130,3,1,11,1,0.0,0.0,0.0,1.0,360000.0
30.0,119,3,2,6,2,0.0,0.0,0.0,1.0,350000.0
30.0,119,3,1,9,1,0.0,0.0,0.0,1.0,350000.0
26.0,156,3,1,7,3,0.0,0.0,0.0,1.0,430000.0
36.0,137,2,1,9,2,0.0,0.0,0.0,1.0,715000.0
31.0,150,4,1,8,1,0.0,0.0,0.0,1.0,400000.0
36.0,134,2,2,8,4,0.0,0.0,0.0,1.0,425000.0
31.0,97,3,2,11,1,0.0,0.0,0.0,1.0,280000.0
36.0,101,2,1,9,1,0.0,0.0,0.0,1.0,562800.0
37.0,111,1,1,9,1,0.0,0.0,0.0,1.0,850000.0
37.0,150,2,1,9,1,0.0,0.0,0.0,1.0,1200000.0
36.0,150,2,1,9,1,0.0,0.0,0.0,1.0,730000.0
37.0,201,2,1,9,1,0.0,0.0,0.0,1.0,1500000.0
26.0,75,1,1,10,1,0.0,0.0,0.0,1.0,260000.0
26.0,168,3,1,10,1,0.0,0.0,0.0,1.0,350000.0
31.0,175,3,1,5,1,0.0,0.0,0.0,1.0,680000.0
33.0,110,2,1,9,1,0.0,0.0,0.0,1.0,225000.0
36.0,120,2,1,9,1,0.0,0.0,0.0,1.0,400000.0
36.0,120,2,1,10,1,0.0,0.0,0.0,1.0,480000.0
36.0,65,1,1,7,2,0.0,0.0,0.0,1.0,330000.0
30.0,200,2,1,9,1,0.0,0.0,0.0,1.0,720000.0
36.0,250,3,1,8,1,0.0,0.0,0.0,1.0,1350000.0
36.0,148,2,2,11,3,0.0,0.0,0.0,1.0,560000.0
37.0,113,2,2,11,1,0.0,0.0,0.0,1.0,680000.0
30.0,147,2,1,9,1,0.0,0.0,0.0,1.0,350000.0
33.0,133,2,1,9,1,0.0,0.0,0.0,1.0,350000.0
37.0,122,2,1,9,1,0.0,0.0,0.0,1.0,550000.0
26.0,125,2,1,8,2,0.0,0.0,0.0,1.0,305000.0
30.0,100,2,1,9,1,0.0,0.0,0.0,1.0,280000.0
33.0,162,2,1,9,1,0.0,0.0,0.0,1.0,360000.0
26.0,124,2,2,7,2,0.0,0.0,0.0,1.0,290000.0
38.0,30,2,1,9,3,0.0,0.0,0.0,1.0,780000.0
19.0,200,7,2,11,1,0.0,0.0,0.0,1.0,400000.0
35.0,101,3,2,7,5,0.0,0.0,0.0,1.0,490000.0
36.0,135,2,1,9,1,0.0,0.0,0.0,1.0,638574.0
36.0,134,2,2,7,2,0.0,0.0,0.0,1.0,425000.0
26.0,108,3,1,11,3,0.0,0.0,0.0,1.0,360000.0
36.0,68,1,1,10,1,0.0,0.0,0.0,1.0,390000.0
23.0,300,2,1,9,1,0.0,0.0,0.0,1.0,560000.0
26.0,109,2,1,11,6,0.0,0.0,0.0,1.0,240000.0
36.0,204,3,3,8,1,0.0,0.0,0.0,1.0,881000.0
35.0,92,1,1,9,8,0.0,0.0,0.0,1.0,330000.0
36.0,160,2,2,8,1,0.0,0.0,0.0,1.0,778550.0
26.0,118,2,2,9,2,0.0,0.0,0.0,1.0,400000.0
37.0,150,2,3,8,1,0.0,0.0,0.0,1.0,1250000.0
36.0,221,3,3,8,1,0.0,0.0,0.0,1.0,947000.0
26.0,114,2,2,10,2,0.0,0.0,0.0,1.0,365000.0
35.0,113,2,1,8,1,0.0,0.0,0.0,1.0,360000.0
26.0,120,2,2,9,2,0.0,0.0,0.0,1.0,410000.0
31.0,110,2,1,9,1,0.0,0.0,0.0,1.0,340000.0
26.0,111,2,1,10,4,0.0,0.0,0.0,1.0,323000.0
26.0,102,2,1,11,1,0.0,0.0,0.0,1.0,280000.0
36.0,174,3,3,10,1,0.0,0.0,0.0,1.0,981700.0
37.0,80,2,1,9,1,0.0,0.0,0.0,1.0,280000.0
38.0,212,3,1,10,1,0.0,0.0,0.0,1.0,1250000.0
36.0,265,3,3,10,1,0.0,0.0,0.0,1.0,1250000.0
36.0,75,2,1,9,1,0.0,0.0,0.0,1.0,390000.0
36.0,137,2,1,9,1,0.0,0.0,0.0,1.0,685000.0
26.0,112,2,1,11,4,0.0,0.0,0.0,1.0,270000.0
35.0,41,1,1,10,3,0.0,0.0,0.0,1.0,245000.0
35.0,139,3,2,10,1,0.0,0.0,0.0,1.0,525000.0
36.0,174,3,2,8,9,0.0,0.0,0.0,1.0,850000.0
37.0,111,1,1,9,1,0.0,0.0,0.0,1.0,900000.0
29.0,152,3,2,6,1,0.0,0.0,0.0,1.0,520000.0
37.0,91,2,1,11,1,0.0,0.0,0.0,1.0,315000.0
38.0,130,2,1,9,1,0.0,0.0,0.0,1.0,650000.0
25.0,150,4,1,11,1,0.0,0.0,0.0,1.0,300000.0
26.0,183,4,3,8,5,0.0,0.0,0.0,1.0,490000.0
35.0,149,2,1,7,7,0.0,0.0,0.0,1.0,360000.0
26.0,80,2,1,11,1,0.0,0.0,0.0,1.0,260000.0
36.0,140,2,2,11,1,0.0,0.0,0.0,1.0,550000.0
35.0,165,3,3,7,6,0.0,0.0,0.0,1.0,590000.0
29.0,105,2,1,11,1,0.0,0.0,0.0,1.0,250000.0
35.0,83,1,1,9,1,0.0,0.0,0.0,1.0,395000.0
35.0,73,1,1,9,1,0.0,0.0,0.0,1.0,370000.0
33.0,130,3,2,5,2,0.0,0.0,0.0,1.0,380000.0
19.0,256,3,1,6,1,0.0,0.0,0.0,1.0,450000.0
35.0,43,1,1,9,1,0.0,0.0,0.0,1.0,230000.0
23.0,100,2,1,9,1,0.0,0.0,0.0,1.0,164000.0
32.0,167,2,1,6,2,1.0,0.0,0.0,0.0,395000.0
34.0,57,1,1,10,1,1.0,0.0,0.0,0.0,210000.0
34.0,173,2,2,10,1,1.0,0.0,0.0,0.0,540000.0
33.0,85,2,2,5,2,1.0,0.0,0.0,0.0,270000.0
32.0,97,1,1,8,1,1.0,0.0,0.0,0.0,320000.0
34.0,225,4,2,7,2,1.0,0.0,0.0,0.0,780000.0
34.0,165,3,3,7,2,1.0,0.0,0.0,0.0,520000.0
22.0,300,3,1,8,1,1.0,0.0,0.0,0.0,380000.0
24.0,75,1,1,9,1,1.0,0.0,0.0,0.0,255000.0
34.0,61,1,1,9,2,1.0,0.0,0.0,0.0,241000.0
34.0,175,3,3,10,1,1.0,0.0,0.0,0.0,575000.0
34.0,122,2,1,9,1,1.0,0.0,0.0,0.0,374304.0
34.0,49,1,1,10,1,1.0,0.0,0.0,0.0,220000.0
34.0,44,1,1,9,1,1.0,0.0,0.0,0.0,225000.0
36.0,181,4,3,9,3,1.0,0.0,0.0,0.0,629000.0
32.0,90,2,1,11,1,1.0,0.0,0.0,0.0,370000.0
22.0,85,1,1,8,1,1.0,0.0,0.0,0.0,175000.0
34.0,150,3,1,11,3,1.0,0.0,0.0,0.0,150000.0
36.0,150,3,2,11,1,1.0,0.0,0.0,0.0,280000.0
34.0,145,3,1,7,1,1.0,0.0,0.0,0.0,335000.0
36.0,102,2,1,6,2,1.0,0.0,0.0,0.0,260000.0
34.0,137,3,2,7,3,1.0,0.0,0.0,0.0,375000.0
34.0,52,1,1,9,2,1.0,0.0,0.0,0.0,157000.0
34.0,124,1,1,7,1,1.0,0.0,0.0,0.0,230000.0
32.0,100,2,1,6,1,1.0,0.0,0.0,0.0,280000.0
34.0,146,3,3,9,1,1.0,0.0,0.0,0.0,525000.0
34.0,160,3,2,10,1,1.0,0.0,0.0,0.0,570000.0
32.0,145,3,1,11,1,1.0,0.0,0.0,0.0,370000.0
3.0,260,2,2,11,1,1.0,0.0,0.0,0.0,200000.0
36.0,70,2,1,11,1,1.0,0.0,0.0,0.0,165000.0
32.0,75,1,1,11,1,1.0,0.0,0.0,0.0,180000.0
34.0,52,1,1,10,1,1.0,0.0,0.0,0.0,160000.0
34.0,61,1,1,9,1,1.0,0.0,0.0,0.0,246000.0
34.0,192,3,2,7,3,1.0,0.0,0.0,0.0,750000.0
34.0,157,3,2,8,1,1.0,0.0,0.0,0.0,540000.0
3.0,150,2,1,10,1,1.0,0.0,0.0,0.0,100000.0
24.0,170,3,3,9,6,1.0,0.0,0.0,0.0,476000.0
34.0,173,3,1,6,1,1.0,0.0,0.0,0.0,330000.0
34.0,147,3,3,8,2,1.0,0.0,0.0,0.0,580000.0
32.0,180,4,2,11,6,1.0,0.0,0.0,0.0,395000.0
34.0,124,3,1,6,1,1.0,0.0,0.0,0.0,250000.0
22.0,80,2,1,7,1,1.0,0.0,0.0,0.0,150000.0
34.0,300,8,5,11,1,1.0,0.0,0.0,0.0,980000.0
34.0,110,2,1,9,1,1.0,0.0,0.0,0.0,430000.0
33.0,75,1,1,7,1,1.0,0.0,0.0,0.0,215000.0
24.0,108,1,1,6,1,1.0,0.0,0.0,0.0,170000.0
34.0,126,2,2,6,1,1.0,0.0,0.0,0.0,240000.0
32.0,75,2,1,10,1,1.0,0.0,0.0,0.0,250000.0
34.0,167,2,2,8,5,1.0,0.0,0.0,0.0,500000.0
34.0,220,7,3,11,1,1.0,0.0,0.0,0.0,850000.0
22.0,193,2,2,10,1,1.0,0.0,0.0,0.0,560000.0
22.0,154,2,2,11,1,1.0,0.0,0.0,0.0,490000.0
34.0,130,3,3,6,1,1.0,0.0,0.0,0.0,345000.0
32.0,121,2,1,7,6,1.0,0.0,0.0,0.0,390000.0
32.0,86,2,1,9,1,1.0,0.0,0.0,0.0,350000.0
32.0,185,3,3,8,2,1.0,0.0,0.0,0.0,550000.0
32.0,74,1,2,8,1,1.0,0.0,0.0,0.0,220000.0
32.0,200,3,3,8,2,1.0,0.0,0.0,0.0,570000.0
34.0,120,2,7,9,1,1.0,0.0,0.0,0.0,410000.0
33.0,206,4,3,7,2,1.0,0.0,0.0,0.0,470000.0
34.0,162,2,1,9,1,1.0,0.0,0.0,0.0,640000.0
33.0,190,2,1,9,1,1.0,0.0,0.0,0.0,485000.0
36.0,125,2,2,8,2,1.0,0.0,0.0,0.0,395000.0
32.0,109,2,2,9,3,1.0,0.0,0.0,0.0,425000.0
32.0,268,2,3,6,5,1.0,0.0,0.0,0.0,400000.0
36.0,120,2,1,11,1,1.0,0.0,0.0,0.0,150000.0
32.0,57,1,1,9,1,1.0,0.0,0.0,0.0,216000.0
32.0,257,4,3,7,1,1.0,0.0,0.0,0.0,650000.0
24.0,120,1,1,10,1,1.0,0.0,0.0,0.0,175000.0
34.0,52,1,1,6,7,1.0,0.0,0.0,0.0,175000.0
32.0,110,2,2,8,7,1.0,0.0,0.0,0.0,355000.0
24.0,120,1,1,10,1,1.0,0.0,0.0,0.0,175000.0
34.0,153,2,1,7,2,1.0,0.0,0.0,0.0,420000.0
36.0,119,2,1,9,1,1.0,0.0,0.0,0.0,425000.0
36.0,167,2,1,9,1,1.0,0.0,0.0,0.0,660000.0
34.0,125,2,2,9,1,1.0,0.0,0.0,0.0,680000.0
33.0,120,2,1,9,1,1.0,0.0,0.0,0.0,280000.0
34.0,157,4,2,8,6,1.0,0.0,0.0,0.0,530000.0
36.0,125,2,2,8,2,1.0,0.0,0.0,0.0,395000.0
22.0,154,3,1,10,1,1.0,0.0,0.0,0.0,430000.0
34.0,86,1,1,10,1,1.0,0.0,0.0,0.0,263000.0
22.0,135,3,1,10,1,1.0,0.0,0.0,0.0,245000.0
36.0,156,4,1,5,5,1.0,0.0,0.0,0.0,255000.0
32.0,148,2,2,7,2,1.0,0.0,0.0,0.0,410000.0
36.0,120,4,2,11,1,1.0,0.0,0.0,0.0,350000.0
34.0,183,2,1,9,1,1.0,0.0,0.0,0.0,850000.0
32.0,137,3,3,9,3,1.0,0.0,0.0,0.0,527000.0
34.0,124,2,1,9,1,1.0,0.0,0.0,0.0,365000.0
32.0,151,3,2,11,1,1.0,0.0,0.0,0.0,450000.0
32.0,139,1,1,8,1,1.0,0.0,0.0,0.0,315000.0
34.0,139,2,1,9,1,1.0,0.0,0.0,0.0,490650.0
34.0,53,2,1,9,1,1.0,0.0,0.0,0.0,248733.0
33.0,150,4,2,7,6,1.0,0.0,0.0,0.0,365000.0
32.0,113,3,2,7,2,1.0,0.0,0.0,0.0,265000.0
34.0,130,2,2,8,2,1.0,0.0,0.0,0.0,340000.0
34.0,111,2,1,7,3,1.0,0.0,0.0,0.0,340000.0
22.0,135,3,2,8,6,1.0,0.0,0.0,0.0,300000.0
36.0,120,3,1,11,1,1.0,0.0,0.0,0.0,165000.0
34.0,187,3,1,7,1,1.0,0.0,0.0,0.0,590000.0
34.0,151,3,2,11,1,1.0,0.0,0.0,0.0,420000.0
32.0,120,4,2,11,1,1.0,0.0,0.0,0.0,400000.0
34.0,250,4,2,7,1,1.0,0.0,0.0,0.0,1070000.0
34.0,106,3,1,11,1,1.0,0.0,0.0,0.0,132000.0
22.0,70,2,1,11,3,1.0,0.0,0.0,0.0,110000.0
22.0,99,3,1,11,3,1.0,0.0,0.0,0.0,150000.0
36.0,199,2,2,9,2,1.0,0.0,0.0,0.0,295000.0
36.0,107,2,1,9,1,1.0,0.0,0.0,0.0,250000.0
36.0,125,3,2,3,4,1.0,0.0,0.0,0.0,225000.0
32.0,52,1,1,10,1,1.0,0.0,0.0,0.0,170000.0
34.0,112,3,1,10,1,1.0,0.0,0.0,0.0,195000.0
34.0,110,3,1,11,2,1.0,0.0,0.0,0.0,360000.0
34.0,172,3,2,11,1,1.0,0.0,0.0,0.0,425000.0
34.0,124,2,1,9,1,1.0,0.0,0.0,0.0,420000.0
36.0,105,2,1,9,1,1.0,0.0,0.0,0.0,365000.0
32.0,182,3,2,6,1,1.0,0.0,0.0,0.0,470000.0
34.0,170,3,1,8,1,1.0,0.0,0.0,0.0,540000.0
34.0,61,1,1,10,2,1.0,0.0,0.0,0.0,241000.0
34.0,170,3,1,9,1,1.0,0.0,0.0,0.0,540000.0
34.0,75,2,1,6,1,1.0,0.0,0.0,0.0,130000.0
34.0,64,1,1,9,1,1.0,0.0,0.0,0.0,252000.0
34.0,150,3,2,10,1,1.0,0.0,0.0,0.0,650000.0
34.0,170,3,2,10,1,1.0,0.0,0.0,0.0,740000.0
34.0,57,1,1,10,1,1.0,0.0,0.0,0.0,210900.0
33.0,220,4,3,8,3,1.0,0.0,0.0,0.0,569000.0
36.0,88,2,1,11,1,1.0,0.0,0.0,0.0,150000.0
34.0,158,3,2,9,1,1.0,0.0,0.0,0.0,475328.0
36.0,300,2,1,9,1,1.0,0.0,0.0,0.0,520000.0
34.0,145,2,1,9,1,1.0,0.0,0.0,0.0,580000.0
33.0,115,2,1,8,1,1.0,0.0,0.0,0.0,299000.0
34.0,159,3,2,10,1,1.0,0.0,0.0,0.0,860000.0
34.0,80,1,1,9,1,1.0,0.0,0.0,0.0,260000.0
36.0,30,1,1,10,1,1.0,0.0,0.0,0.0,1550000.0
34.0,98,2,1,9,1,1.0,0.0,0.0,0.0,300000.0
36.0,143,3,1,6,2,1.0,0.0,0.0,0.0,385000.0
22.0,144,3,1,10,1,1.0,0.0,0.0,0.0,330000.0
34.0,162,3,3,10,1,1.0,0.0,0.0,0.0,495000.0
34.0,300,2,1,9,1,1.0,0.0,0.0,0.0,1410000.0
34.0,100,3,2,7,3,1.0,0.0,0.0,0.0,250000.0
34.0,112,2,2,9,2,1.0,0.0,0.0,0.0,448000.0
34.0,64,1,1,9,1,1.0,0.0,0.0,0.0,252000.0
34.0,162,3,2,11,1,1.0,0.0,0.0,0.0,663000.0
34.0,161,3,3,8,1,1.0,0.0,0.0,0.0,640000.0
34.0,126,2,1,10,1,1.0,0.0,0.0,0.0,370000.0
36.0,127,4,1,5,2,1.0,0.0,0.0,0.0,250000.0
34.0,69,1,1,9,1,1.0,0.0,0.0,0.0,254000.0
34.0,149,2,1,9,1,1.0,0.0,0.0,0.0,343000.0
34.0,68,1,1,9,1,1.0,0.0,0.0,0.0,249000.0
32.0,50,1,1,11,1,1.0,0.0,0.0,0.0,180000.0
32.0,160,4,2,6,4,1.0,0.0,0.0,0.0,399000.0
34.0,100,2,1,9,1,1.0,0.0,0.0,0.0,430000.0
34.0,140,3,1,10,1,1.0,0.0,0.0,0.0,360000.0
34.0,82,2,1,9,1,1.0,0.0,0.0,0.0,270000.0
34.0,91,2,1,9,1,1.0,0.0,0.0,0.0,338950.0
34.0,112,2,2,10,2,1.0,0.0,0.0,0.0,398000.0
32.0,170,4,3,11,1,1.0,0.0,0.0,0.0,390000.0
33.0,167,3,2,7,1,1.0,0.0,0.0,0.0,410000.0
36.0,117,2,1,9,1,1.0,0.0,0.0,0.0,330000.0
33.0,150,3,2,6,3,1.0,0.0,0.0,0.0,350000.0
34.0,89,1,1,10,1,1.0,0.0,0.0,0.0,320000.0
32.0,148,3,2,11,1,1.0,0.0,0.0,0.0,365000.0
34.0,191,2,1,9,1,1.0,0.0,0.0,0.0,780000.0
34.0,56,1,1,10,1,1.0,0.0,0.0,0.0,220000.0
33.0,167,3,3,9,1,1.0,0.0,0.0,0.0,550000.0
36.0,67,2,1,10,1,1.0,0.0,0.0,0.0,220000.0
34.0,217,3,2,10,1,1.0,0.0,0.0,0.0,807240.0
33.0,147,3,2,9,2,1.0,0.0,0.0,0.0,480000.0
34.0,107,2,1,10,1,1.0,0.0,0.0,0.0,398040.0
34.0,80,3,1,4,3,1.0,0.0,0.0,0.0,120000.0
33.0,160,4,2,4,1,1.0,0.0,0.0,0.0,190000.0
36.0,125,2,1,9,1,1.0,0.0,0.0,0.0,395000.0
36.0,140,2,1,9,1,1.0,0.0,0.0,0.0,330000.0
34.0,52,2,1,9,1,1.0,0.0,0.0,0.0,260000.0
33.0,118,2,2,9,1,1.0,0.0,0.0,0.0,410000.0
24.0,130,2,1,9,1,1.0,0.0,0.0,0.0,286000.0
34.0,122,2,2,9,1,1.0,0.0,0.0,0.0,370000.0
24.0,160,3,1,9,6,1.0,0.0,0.0,0.0,430000.0
34.0,126,2,2,10,1,1.0,0.0,0.0,0.0,520000.0
34.0,75,1,2,10,1,1.0,0.0,0.0,0.0,250000.0
34.0,153,2,2,9,2,1.0,0.0,0.0,0.0,425000.0
32.0,136,3,2,11,1,1.0,0.0,0.0,0.0,530000.0
34.0,110,2,2,7,1,1.0,0.0,0.0,0.0,430000.0
36.0,104,3,1,10,1,1.0,0.0,0.0,0.0,250000.0
34.0,30,1,1,10,1,1.0,0.0,0.0,0.0,1500000.0
32.0,218,4,2,6,5,1.0,0.0,0.0,0.0,545000.0
34.0,105,3,1,6,1,1.0,0.0,0.0,0.0,140000.0
32.0,250,5,3,6,6,1.0,0.0,0.0,0.0,630000.0
32.0,72,1,1,6,6,1.0,0.0,0.0,0.0,190000.0
34.0,300,4,3,11,1,1.0,0.0,0.0,0.0,800000.0
32.0,156,2,1,6,9,1.0,0.0,0.0,0.0,620000.0
34.0,300,3,1,9,1,1.0,0.0,0.0,0.0,755000.0
24.0,131,2,1,9,6,1.0,0.0,0.0,0.0,288200.0
32.0,212,3,2,7,8,1.0,0.0,0.0,0.0,550000.0
33.0,150,2,1,9,1,1.0,0.0,0.0,0.0,400000.0
32.0,124,3,1,11,1,1.0,0.0,0.0,0.0,305000.0
34.0,112,2,2,9,2,1.0,0.0,0.0,0.0,380000.0
34.0,70,2,1,10,1,1.0,0.0,0.0,0.0,250000.0
34.0,162,3,2,10,1,1.0,0.0,0.0,0.0,640000.0
34.0,92,2,1,11,1,1.0,0.0,0.0,0.0,250000.0
32.0,60,1,1,11,1,1.0,0.0,0.0,0.0,178000.0
36.0,90,2,2,11,1,1.0,0.0,0.0,0.0,120000.0
22.0,164,3,2,6,1,1.0,0.0,0.0,0.0,295000.0
33.0,272,4,3,7,4,1.0,0.0,0.0,0.0,684000.0
36.0,160,2,1,9,1,1.0,0.0,0.0,0.0,249000.0
34.0,90,2,2,11,1,1.0,0.0,0.0,0.0,182000.0
36.0,112,2,1,9,1,1.0,0.0,0.0,0.0,365000.0
34.0,156,3,3,9,1,1.0,0.0,0.0,0.0,650000.0
36.0,129,2,1,9,1,1.0,0.0,0.0,0.0,449000.0
36.0,57,2,1,9,1,1.0,0.0,0.0,0.0,135000.0
36.0,147,2,1,9,1,1.0,0.0,0.0,0.0,536500.0
36.0,163,2,1,9,1,1.0,0.0,0.0,0.0,550000.0
36.0,127,2,1,9,1,1.0,0.0,0.0,0.0,290000.0
34.0,151,3,1,9,1,1.0,0.0,0.0,0.0,740500.0
33.0,135,2,2,11,1,1.0,0.0,0.0,0.0,375000.0
36.0,96,2,1,9,1,1.0,0.0,0.0,0.0,215000.0
34.0,70,1,1,11,1,1.0,0.0,0.0,0.0,170000.0
22.0,160,2,1,10,1,1.0,0.0,0.0,0.0,155000.0
32.0,128,3,2,11,1,1.0,0.0,0.0,0.0,365000.0
22.0,140,4,1,10,1,1.0,0.0,0.0,0.0,370000.0
22.0,100,3,2,11,1,1.0,0.0,0.0,0.0,150000.0
34.0,75,1,1,10,1,1.0,0.0,0.0,0.0,311000.0
34.0,90,3,1,11,1,1.0,0.0,0.0,0.0,160000.0
34.0,89,1,1,11,1,1.0,0.0,0.0,0.0,320000.0
34.0,126,4,1,11,3,1.0,0.0,0.0,0.0,200000.0
34.0,143,2,2,7,7,1.0,0.0,0.0,0.0,390000.0
24.0,138,3,3,11,1,1.0,0.0,0.0,0.0,360000.0
22.0,108,3,1,11,1,1.0,0.0,0.0,0.0,230000.0
32.0,104,2,1,10,1,1.0,0.0,0.0,0.0,365000.0
32.0,122,2,2,8,2,1.0,0.0,0.0,0.0,398000.0
32.0,194,3,3,10,1,1.0,0.0,0.0,0.0,598000.0
34.0,205,2,1,9,1,1.0,0.0,0.0,0.0,783684.0
24.0,76,1,1,10,1,1.0,0.0,0.0,0.0,170000.0
33.0,120,2,2,9,2,1.0,0.0,0.0,0.0,360000.0
32.0,100,2,1,11,1,1.0,0.0,0.0,0.0,248000.0
33.0,261,3,3,9,1,1.0,0.0,0.0,0.0,570000.0
34.0,68,1,1,9,1,1.0,0.0,0.0,0.0,289500.0
36.0,100,3,2,11,1,1.0,0.0,0.0,0.0,240000.0
33.0,150,3,3,7,2,1.0,0.0,0.0,0.0,340000.0
34.0,117,2,1,9,1,1.0,0.0,0.0,0.0,385000.0
34.0,135,3,3,9,1,1.0,0.0,0.0,0.0,513000.0
34.0,125,3,2,9,1,1.0,0.0,0.0,0.0,350000.0
34.0,88,2,2,9,2,1.0,0.0,0.0,0.0,404000.0
34.0,168,3,2,9,2,1.0,0.0,0.0,0.0,641679.0
36.0,138,3,1,7,3,1.0,0.0,0.0,0.0,410000.0
34.0,63,1,1,9,1,1.0,0.0,0.0,0.0,315000.0
34.0,99,2,2,10,1,1.0,0.0,0.0,0.0,425700.0
34.0,68,1,1,10,1,1.0,0.0,0.0,0.0,210000.0
32.0,180,2,1,8,5,1.0,0.0,0.0,0.0,600000.0
34.0,280,4,2,9,1,1.0,0.0,0.0,0.0,700000.0
34.0,149,2,4,9,1,1.0,0.0,0.0,0.0,448000.0
32.0,136,2,2,8,3,1.0,0.0,0.0,0.0,444000.0
36.0,100,2,1,9,1,1.0,0.0,0.0,0.0,140000.0
36.0,90,3,2,11,1,1.0,0.0,0.0,0.0,158000.0
34.0,90,4,2,11,1,1.0,0.0,0.0,0.0,170000.0
36.0,135,2,1,9,1,1.0,0.0,0.0,0.0,250000.0
34.0,160,3,2,11,1,1.0,0.0,0.0,0.0,580000.0
36.0,140,2,1,9,1,1.0,0.0,0.0,0.0,420000.0
33.0,170,3,1,10,1,1.0,0.0,0.0,0.0,790000.0
34.0,218,2,1,9,1,1.0,0.0,0.0,0.0,870000.0
32.0,175,3,3,8,4,1.0,0.0,0.0,0.0,480000.0
32.0,55,1,1,11,1,1.0,0.0,0.0,0.0,190000.0
36.0,153,2,1,9,1,1.0,0.0,0.0,0.0,370000.0
34.0,105,2,1,9,1,1.0,0.0,0.0,0.0,350000.0
34.0,106,2,1,9,1,1.0,0.0,0.0,0.0,230000.0
34.0,125,1,1,9,2,1.0,0.0,0.0,0.0,360000.0
34.0,140,2,1,9,1,1.0,0.0,0.0,0.0,350000.0
34.0,101,2,2,9,1,1.0,0.0,0.0,0.0,433000.0
32.0,155,2,2,8,5,1.0,0.0,0.0,0.0,649000.0
34.0,58,1,1,9,2,1.0,0.0,0.0,0.0,276000.0
22.0,99,2,2,9,1,1.0,0.0,0.0,0.0,255000.0
34.0,67,1,1,9,1,1.0,0.0,0.0,0.0,328000.0
24.0,89,2,1,9,1,1.0,0.0,0.0,0.0,374400.0
32.0,54,1,1,9,1,1.0,0.0,0.0,0.0,246000.0
32.0,154,3,2,11,1,1.0,0.0,0.0,0.0,400000.0
34.0,145,3,3,9,2,1.0,0.0,0.0,0.0,491000.0
34.0,136,2,1,9,1,1.0,0.0,0.0,0.0,420000.0
36.0,100,3,1,11,1,1.0,0.0,0.0,0.0,220000.0
34.0,110,3,1,9,1,1.0,0.0,0.0,0.0,380000.0
32.0,98,2,1,11,1,1.0,0.0,0.0,0.0,290000.0
24.0,167,3,2,7,4,1.0,0.0,0.0,0.0,289000.0
32.0,261,6,3,10,1,1.0,0.0,0.0,0.0,1300000.0
34.0,147,3,2,10,1,1.0,0.0,0.0,0.0,540000.0
32.0,300,4,3,6,6,1.0,0.0,0.0,0.0,650000.0
32.0,55,1,1,11,1,1.0,0.0,0.0,0.0,170000.0
36.0,300,3,2,9,1,1.0,0.0,0.0,0.0,850000.0
34.0,130,3,2,6,3,1.0,0.0,0.0,0.0,310000.0
36.0,115,4,2,11,1,1.0,0.0,0.0,0.0,370000.0
34.0,230,4,3,7,6,1.0,0.0,0.0,0.0,700000.0
33.0,300,2,1,9,1,1.0,0.0,0.0,0.0,450000.0
33.0,180,2,1,9,1,1.0,0.0,0.0,0.0,600000.0
34.0,160,3,2,9,1,1.0,0.0,0.0,0.0,464000.0
34.0,110,2,2,8,2,1.0,0.0,0.0,0.0,335000.0
34.0,56,1,1,9,2,1.0,0.0,0.0,0.0,240000.0
22.0,99,2,2,10,1,1.0,0.0,0.0,0.0,250000.0
22.0,95,3,2,9,1,1.0,0.0,0.0,0.0,220000.0
32.0,125,3,2,11,3,1.0,0.0,0.0,0.0,420000.0
24.0,62,1,1,10,1,1.0,0.0,0.0,0.0,210800.0
34.0,155,2,1,9,1,1.0,0.0,0.0,0.0,520000.0
22.0,90,2,1,6,2,1.0,0.0,0.0,0.0,165000.0
36.0,76,2,1,9,1,1.0,0.0,0.0,0.0,228000.0
34.0,125,3,1,8,1,1.0,0.0,0.0,0.0,350000.0
34.0,76,1,1,10,1,1.0,0.0,0.0,0.0,247000.0
22.0,89,3,1,11,1,1.0,0.0,0.0,0.0,160000.0
34.0,61,1,1,10,1,1.0,0.0,0.0,0.0,246000.0
34.0,117,2,2,9,2,1.0,0.0,0.0,0.0,420000.0
34.0,76,1,1,9,1,1.0,0.0,0.0,0.0,178000.0
34.0,114,2,2,9,1,1.0,0.0,0.0,0.0,419000.0
34.0,100,2,1,10,1,1.0,0.0,0.0,0.0,210000.0
22.0,250,2,1,10,1,1.0,0.0,0.0,0.0,125000.0
32.0,118,2,1,10,1,1.0,0.0,0.0,0.0,420000.0
34.0,65,1,1,11,1,1.0,0.0,0.0,0.0,273000.0
34.0,131,2,1,9,1,1.0,0.0,0.0,0.0,509810.0
34.0,247,2,1,9,1,1.0,0.0,0.0,0.0,710000.0
34.0,123,2,2,8,1,1.0,0.0,0.0,0.0,435000.0
36.0,146,2,1,9,1,1.0,0.0,0.0,0.0,360000.0
36.0,101,2,1,9,1,1.0,0.0,0.0,0.0,385000.0
34.0,57,2,1,9,1,1.0,0.0,0.0,0.0,220000.0
32.0,125,3,2,5,3,1.0,0.0,0.0,0.0,389000.0
34.0,92,2,2,10,1,1.0,0.0,0.0,0.0,372066.0
33.0,175,3,2,8,3,1.0,0.0,0.0,0.0,449000.0
36.0,50,1,1,6,1,1.0,0.0,0.0,0.0,160000.0
34.0,110,2,1,9,1,1.0,0.0,0.0,0.0,400000.0
34.0,68,2,1,9,1,1.0,0.0,0.0,0.0,189000.0
32.0,90,2,1,11,1,1.0,0.0,0.0,0.0,280000.0
34.0,200,2,1,9,1,1.0,0.0,0.0,0.0,830000.0
32.0,156,4,2,8,5,1.0,0.0,0.0,0.0,540000.0
34.0,153,3,1,9,1,1.0,0.0,0.0,0.0,540000.0
34.0,91,3,1,11,1,1.0,0.0,0.0,0.0,225000.0
34.0,80,2,1,9,1,1.0,0.0,0.0,0.0,350000.0
34.0,30,1,1,11,1,1.0,0.0,0.0,0.0,300000.0
34.0,61,1,1,10,1,1.0,0.0,0.0,0.0,268000.0
34.0,175,3,3,10,1,1.0,0.0,0.0,0.0,575000.0
34.0,117,2,2,10,1,1.0,0.0,0.0,0.0,460000.0
34.0,126,2,1,11,1,1.0,0.0,0.0,0.0,370000.0
34.0,108,2,1,10,1,1.0,0.0,0.0,0.0,441000.0
32.0,118,2,1,6,4,1.0,0.0,0.0,0.0,380000.0
34.0,116,2,1,9,1,1.0,0.0,0.0,0.0,330000.0
34.0,117,2,1,10,1,1.0,0.0,0.0,0.0,440000.0
34.0,132,4,2,11,1,1.0,0.0,0.0,0.0,420000.0
34.0,117,2,1,10,1,1.0,0.0,0.0,0.0,460000.0
34.0,124,4,2,11,1,1.0,0.0,0.0,0.0,300000.0
32.0,140,3,2,6,1,1.0,0.0,0.0,0.0,349000.0
32.0,152,3,2,11,1,1.0,0.0,0.0,0.0,490000.0
22.0,131,2,1,10,4,1.0,0.0,0.0,0.0,281650.0
34.0,64,2,1,9,1,1.0,0.0,0.0,0.0,241000.0
36.0,160,1,1,10,1,1.0,0.0,0.0,0.0,100000.0
34.0,147,3,1,10,1,1.0,0.0,0.0,0.0,420000.0
34.0,112,2,1,11,1,1.0,0.0,0.0,0.0,335000.0
32.0,190,3,2,10,1,1.0,0.0,0.0,0.0,450000.0
34.0,200,3,1,5,1,1.0,0.0,0.0,0.0,370000.0
32.0,136,2,1,9,1,1.0,0.0,0.0,0.0,480000.0
36.0,110,2,1,10,1,1.0,0.0,0.0,0.0,250000.0
32.0,67,1,1,7,1,1.0,0.0,0.0,0.0,180000.0
34.0,170,3,2,11,1,1.0,0.0,0.0,0.0,570000.0
34.0,145,3,3,9,1,1.0,0.0,0.0,0.0,527000.0
34.0,94,1,1,10,1,1.0,0.0,0.0,0.0,388000.0
36.0,143,3,1,6,2,1.0,0.0,0.0,0.0,330000.0
36.0,118,3,1,11,1,1.0,0.0,0.0,0.0,190000.0
34.0,172,3,2,6,1,1.0,0.0,0.0,0.0,380000.0
22.0,170,3,1,11,1,1.0,0.0,0.0,0.0,320000.0
32.0,146,3,1,10,1,1.0,0.0,0.0,0.0,465000.0
36.0,117,3,1,10,1,1.0,0.0,0.0,0.0,310000.0
34.0,62,1,1,9,1,1.0,0.0,0.0,0.0,254400.0
34.0,117,2,1,9,1,1.0,0.0,0.0,0.0,272000.0
32.0,125,2,2,11,1,1.0,0.0,0.0,0.0,330000.0
22.0,64,1,2,8,1,1.0,0.0,0.0,0.0,160000.0
32.0,172,4,1,6,1,1.0,0.0,0.0,0.0,550000.0
34.0,65,1,1,11,3,1.0,0.0,0.0,0.0,275000.0
34.0,163,3,2,9,1,1.0,0.0,0.0,0.0,645211.0
34.0,58,1,1,10,1,1.0,0.0,0.0,0.0,280000.0
34.0,96,2,1,6,4,1.0,0.0,0.0,0.0,133000.0
34.0,118,2,2,9,1,1.0,0.0,0.0,0.0,432267.0
32.0,177,4,2,6,3,1.0,0.0,0.0,0.0,330000.0
22.0,114,2,1,7,2,1.0,0.0,0.0,0.0,295000.0
32.0,145,3,2,6,1,1.0,0.0,0.0,0.0,419000.0
34.0,188,3,2,10,1,1.0,0.0,0.0,0.0,830000.0
34.0,78,1,1,10,1,1.0,0.0,0.0,0.0,245000.0
34.0,50,1,1,10,1,1.0,0.0,0.0,0.0,225000.0
34.0,88,1,1,8,2,1.0,0.0,0.0,0.0,290000.0
36.0,120,3,1,11,1,1.0,0.0,0.0,0.0,140000.0
34.0,167,3,1,7,2,1.0,0.0,0.0,0.0,465000.0
34.0,125,2,1,10,1,1.0,0.0,0.0,0.0,425000.0
32.0,145,3,2,11,1,1.0,0.0,0.0,0.0,420000.0
36.0,99,2,1,7,2,1.0,0.0,0.0,0.0,320000.0
32.0,168,3,2,11,1,1.0,0.0,0.0,0.0,415000.0
34.0,127,2,2,10,4,1.0,0.0,0.0,0.0,400000.0
33.0,100,2,1,4,1,1.0,0.0,0.0,0.0,196000.0
34.0,146,2,1,9,1,1.0,0.0,0.0,0.0,550000.0
33.0,167,3,1,10,1,1.0,0.0,0.0,0.0,430000.0
32.0,248,4,3,7,1,1.0,0.0,0.0,0.0,619000.0
33.0,120,2,1,8,3,1.0,0.0,0.0,0.0,312000.0
34.0,230,2,1,9,1,1.0,0.0,0.0,0.0,635000.0
32.0,174,3,2,9,2,1.0,0.0,0.0,0.0,624208.0
33.0,124,2,1,9,1,1.0,0.0,0.0,0.0,583225.0
34.0,67,1,1,10,1,1.0,0.0,0.0,0.0,294000.0
34.0,200,3,2,6,1,1.0,0.0,0.0,0.0,5200000.0
34.0,60,1,1,9,1,1.0,0.0,0.0,0.0,260000.0
34.0,155,3,1,10,1,1.0,0.0,0.0,0.0,510000.0
32.0,300,3,3,9,1,1.0,0.0,0.0,0.0,1050000.0
34.0,214,3,2,11,1,1.0,0.0,0.0,0.0,600000.0
34.0,185,3,3,9,1,1.0,0.0,0.0,0.0,885000.0
34.0,78,2,1,9,1,1.0,0.0,0.0,0.0,378000.0
32.0,180,3,3,7,7,1.0,0.0,0.0,0.0,430000.0
26.0,91,2,1,10,1,1.0,0.0,0.0,0.0,343000.0
34.0,56,2,1,10,1,1.0,0.0,0.0,0.0,239400.0
34.0,155,3,3,10,2,1.0,0.0,0.0,0.0,1065000.0
34.0,95,2,1,9,1,1.0,0.0,0.0,0.0,230000.0
34.0,228,3,2,10,1,1.0,0.0,0.0,0.0,630000.0
34.0,150,2,1,9,1,1.0,0.0,0.0,0.0,350000.0
34.0,163,3,2,10,1,1.0,0.0,0.0,0.0,495000.0
34.0,149,3,2,10,2,1.0,0.0,0.0,0.0,580000.0
34.0,210,4,2,11,1,1.0,0.0,0.0,0.0,650000.0
34.0,80,2,2,10,1,1.0,0.0,0.0,0.0,180000.0
34.0,56,1,1,10,1,1.0,0.0,0.0,0.0,142000.0
36.0,64,1,1,10,1,1.0,0.0,0.0,0.0,161650.0
26.0,93,2,1,11,1,1.0,0.0,0.0,0.0,288000.0
26.0,142,2,1,11,1,1.0,0.0,0.0,0.0,298000.0
26.0,70,1,1,10,1,1.0,0.0,0.0,0.0,180000.0
26.0,139,3,2,11,1,1.0,0.0,0.0,0.0,313000.0
26.0,100,2,2,11,1,1.0,0.0,0.0,0.0,299000.0
34.0,122,2,1,9,1,1.0,0.0,0.0,0.0,310000.0
34.0,91,2,1,9,1,1.0,0.0,0.0,0.0,250000.0
34.0,168,3,2,10,1,1.0,0.0,0.0,0.0,638000.0
32.0,163,3,3,7,2,1.0,0.0,0.0,0.0,410000.0
34.0,77,1,1,9,1,1.0,0.0,0.0,0.0,200000.0
34.0,120,2,2,7,2,1.0,0.0,0.0,0.0,335000.0
24.0,148,2,1,10,1,1.0,0.0,0.0,0.0,380000.0
34.0,116,2,1,9,1,1.0,0.0,0.0,0.0,335000.0
36.0,110,3,2,11,1,1.0,0.0,0.0,0.0,220000.0
34.0,133,3,2,9,1,1.0,0.0,0.0,0.0,755000.0
24.0,142,3,2,9,1,1.0,0.0,0.0,0.0,426000.0
32.0,109,2,2,10,1,1.0,0.0,0.0,0.0,350000.0
22.0,136,3,1,8,1,1.0,0.0,0.0,0.0,340000.0
32.0,167,4,2,11,1,1.0,0.0,0.0,0.0,395000.0
34.0,181,2,1,9,1,1.0,0.0,0.0,0.0,968000.0
32.0,139,3,2,11,1,1.0,0.0,0.0,0.0,385000.0
32.0,194,3,2,8,7,1.0,0.0,0.0,0.0,598000.0
32.0,212,3,2,7,8,1.0,0.0,0.0,0.0,480000.0
33.0,125,2,1,7,1,1.0,0.0,0.0,0.0,410000.0
32.0,114,2,1,11,1,1.0,0.0,0.0,0.0,550000.0
34.0,57,1,1,10,1,1.0,0.0,0.0,0.0,295000.0
32.0,196,3,2,8,3,1.0,0.0,0.0,0.0,575000.0
34.0,280,2,1,8,1,1.0,0.0,0.0,0.0,600000.0
32.0,155,3,2,8,1,1.0,0.0,0.0,0.0,676000.0
34.0,110,1,1,11,1,1.0,0.0,0.0,0.0,230000.0
34.0,84,1,1,11,1,1.0,0.0,0.0,0.0,315000.0
36.0,107,4,1,10,1,1.0,0.0,0.0,0.0,160000.0
36.0,200,3,3,6,1,1.0,0.0,0.0,0.0,429000.0
32.0,177,4,2,6,3,1.0,0.0,0.0,0.0,330000.0
34.0,292,3,3,9,1,1.0,0.0,0.0,0.0,970000.0
33.0,175,3,3,8,1,1.0,0.0,0.0,0.0,468000.0
36.0,222,5,1,10,1,1.0,0.0,0.0,0.0,770000.0
33.0,90,2,1,11,1,1.0,0.0,0.0,0.0,244000.0
34.0,120,2,1,11,2,1.0,0.0,0.0,0.0,330000.0
36.0,69,1,1,11,4,1.0,0.0,0.0,0.0,200000.0
34.0,114,2,1,7,1,1.0,0.0,0.0,0.0,440000.0
32.0,62,1,1,11,2,1.0,0.0,0.0,0.0,210000.0
32.0,115,3,2,11,1,1.0,0.0,0.0,0.0,250000.0
24.0,114,3,1,8,5,1.0,0.0,0.0,0.0,275000.0
33.0,200,4,2,8,1,1.0,0.0,0.0,0.0,520000.0
32.0,125,3,2,6,3,1.0,0.0,0.0,0.0,415000.0
34.0,112,2,2,9,2,1.0,0.0,0.0,0.0,448000.0
34.0,160,3,3,9,2,1.0,0.0,0.0,0.0,520000.0
32.0,300,5,3,11,1,1.0,0.0,0.0,0.0,600000.0
32.0,150,2,1,10,2,1.0,0.0,0.0,0.0,510758.0
33.0,300,6,2,4,1,1.0,0.0,0.0,0.0,1200000.0
34.0,300,3,3,8,1,1.0,0.0,0.0,0.0,850000.0
32.0,130,3,1,10,1,1.0,0.0,0.0,0.0,400000.0
36.0,103,2,1,9,1,1.0,0.0,0.0,0.0,175000.0
34.0,125,2,2,9,1,1.0,0.0,0.0,0.0,437000.0
33.0,220,4,2,11,1,1.0,0.0,0.0,0.0,510000.0
34.0,126,2,1,9,1,1.0,0.0,0.0,0.0,335000.0
34.0,100,2,2,9,1,1.0,0.0,0.0,0.0,400000.0
34.0,157,3,2,11,1,1.0,0.0,0.0,0.0,475000.0
34.0,279,3,2,10,1,1.0,0.0,0.0,0.0,710000.0
34.0,110,2,2,9,2,1.0,0.0,0.0,0.0,437500.0
32.0,59,1,1,10,1,1.0,0.0,0.0,0.0,253000.0
22.0,164,4,3,9,1,1.0,0.0,0.0,0.0,550000.0
34.0,160,4,2,11,1,1.0,0.0,0.0,0.0,730000.0
34.0,111,2,1,8,2,1.0,0.0,0.0,0.0,288600.0
34.0,105,1,1,9,2,1.0,0.0,0.0,0.0,330000.0
34.0,102,2,2,9,1,1.0,0.0,0.0,0.0,483000.0
34.0,148,3,2,10,1,1.0,0.0,0.0,0.0,616310.0
34.0,200,4,2,11,6,1.0,0.0,0.0,0.0,380000.0
34.0,123,1,1,9,2,1.0,0.0,0.0,0.0,380000.0
34.0,94,2,1,10,1,1.0,0.0,0.0,0.0,338000.0
32.0,120,3,2,11,1,1.0,0.0,0.0,0.0,360000.0
34.0,175,3,2,10,1,1.0,0.0,0.0,0.0,560000.0
32.0,158,3,3,6,7,1.0,0.0,0.0,0.0,500000.0
34.0,116,2,1,11,1,1.0,0.0,0.0,0.0,398000.0
34.0,128,2,2,10,1,1.0,0.0,0.0,0.0,448000.0
34.0,118,3,1,5,2,1.0,0.0,0.0,0.0,325000.0
34.0,30,3,1,10,1,1.0,0.0,0.0,0.0,330000.0
32.0,186,3,2,11,6,1.0,0.0,0.0,0.0,690000.0
34.0,119,2,1,9,1,1.0,0.0,0.0,0.0,370000.0
32.0,80,1,1,6,1,1.0,0.0,0.0,0.0,190000.0
34.0,220,3,2,11,6,1.0,0.0,0.0,0.0,530000.0
34.0,177,2,1,5,2,1.0,0.0,0.0,0.0,440000.0
34.0,70,3,1,11,1,1.0,0.0,0.0,0.0,120000.0
34.0,121,2,1,9,1,1.0,0.0,0.0,0.0,485000.0
36.0,90,2,1,7,4,1.0,0.0,0.0,0.0,128000.0
34.0,200,2,1,9,1,1.0,0.0,0.0,0.0,520000.0
34.0,160,3,2,11,1,1.0,0.0,0.0,0.0,520000.0
34.0,162,2,1,9,1,1.0,0.0,0.0,0.0,420000.0
34.0,150,2,2,8,2,1.0,0.0,0.0,0.0,350000.0
24.0,88,2,1,9,1,1.0,0.0,0.0,0.0,317200.0
34.0,44,1,1,10,1,1.0,0.0,0.0,0.0,222000.0
34.0,245,2,1,9,1,1.0,0.0,0.0,0.0,750000.0
34.0,120,2,1,11,1,1.0,0.0,0.0,0.0,300000.0
34.0,130,2,1,9,1,1.0,0.0,0.0,0.0,375000.0
34.0,300,4,2,9,1,1.0,0.0,0.0,0.0,700000.0
36.0,136,2,1,9,1,1.0,0.0,0.0,0.0,473900.0
34.0,64,2,1,9,1,1.0,0.0,0.0,0.0,260000.0
33.0,235,3,3,11,1,1.0,0.0,0.0,0.0,730000.0
34.0,161,3,2,7,2,1.0,0.0,0.0,0.0,510000.0
32.0,200,4,3,11,1,1.0,0.0,0.0,0.0,750000.0
36.0,51,2,1,9,1,1.0,0.0,0.0,0.0,170787.0
34.0,300,4,2,9,1,1.0,0.0,0.0,0.0,1500000.0
33.0,135,3,2,11,1,1.0,0.0,0.0,0.0,250000.0
34.0,103,2,1,8,9,1.0,0.0,0.0,0.0,245000.0
32.0,200,4,2,5,1,1.0,0.0,0.0,0.0,600000.0
34.0,178,3,1,9,1,1.0,0.0,0.0,0.0,650000.0
33.0,190,4,2,7,1,1.0,0.0,0.0,0.0,480000.0
32.0,175,2,1,9,1,1.0,0.0,0.0,0.0,530000.0
34.0,96,3,1,6,1,1.0,0.0,0.0,0.0,160000.0
22.0,100,4,1,7,3,1.0,0.0,0.0,0.0,180000.0
34.0,77,1,1,10,1,1.0,0.0,0.0,0.0,287000.0
34.0,75,2,1,6,1,1.0,0.0,0.0,0.0,250000.0
34.0,280,4,3,6,7,1.0,0.0,0.0,0.0,650000.0
34.0,76,2,1,6,6,1.0,0.0,0.0,0.0,220000.0
34.0,133,2,1,9,1,1.0,0.0,0.0,0.0,386000.0
34.0,124,2,1,7,1,1.0,0.0,0.0,0.0,230000.0
33.0,207,4,2,11,1,1.0,0.0,0.0,0.0,380000.0
32.0,118,2,1,6,8,1.0,0.0,0.0,0.0,269000.0
34.0,183,3,2,10,1,1.0,0.0,0.0,0.0,756500.0
34.0,112,2,1,9,1,1.0,0.0,0.0,0.0,256000.0
34.0,150,3,2,7,1,1.0,0.0,0.0,0.0,459000.0
36.0,76,2,1,8,1,1.0,0.0,0.0,0.0,120000.0
36.0,120,2,1,9,1,1.0,0.0,0.0,0.0,185000.0
24.0,45,1,1,6,4,1.0,0.0,0.0,0.0,100000.0
33.0,63,2,1,10,1,1.0,0.0,0.0,0.0,250000.0
33.0,106,2,1,9,1,1.0,0.0,0.0,0.0,427480.0
33.0,158,3,1,8,3,1.0,0.0,0.0,0.0,470000.0
34.0,109,2,1,9,1,1.0,0.0,0.0,0.0,430000.0
36.0,140,2,1,11,1,1.0,0.0,0.0,0.0,360000.0
34.0,158,2,1,7,2,1.0,0.0,0.0,0.0,395000.0
36.0,300,3,2,8,3,1.0,0.0,0.0,0.0,650000.0
34.0,200,3,2,8,2,1.0,0.0,0.0,0.0,600000.0
34.0,156,2,1,8,1,1.0,0.0,0.0,0.0,360000.0
33.0,210,2,1,9,1,1.0,0.0,0.0,0.0,420000.0
34.0,109,2,1,6,1,1.0,0.0,0.0,0.0,210000.0
34.0,140,2,2,11,1,1.0,0.0,0.0,0.0,465000.0
24.0,117,2,1,11,2,1.0,0.0,0.0,0.0,158000.0
34.0,155,4,1,9,1,1.0,0.0,0.0,0.0,640000.0
33.0,225,2,1,9,1,1.0,0.0,0.0,0.0,550000.0
34.0,159,3,2,7,7,1.0,0.0,0.0,0.0,520000.0
34.0,126,2,1,9,1,1.0,0.0,0.0,0.0,370000.0
34.0,127,3,2,10,1,1.0,0.0,0.0,0.0,457000.0
32.0,210,3,2,8,4,1.0,0.0,0.0,0.0,480000.0
34.0,171,3,2,7,1,1.0,0.0,0.0,0.0,400000.0
34.0,172,3,1,9,2,1.0,0.0,0.0,0.0,770000.0
34.0,100,2,1,9,1,1.0,0.0,0.0,0.0,410000.0
33.0,200,4,2,5,1,1.0,0.0,0.0,0.0,420000.0
34.0,125,3,1,7,1,1.0,0.0,0.0,0.0,330000.0
36.0,184,2,1,9,1,1.0,0.0,0.0,0.0,290000.0
34.0,175,3,1,7,1,1.0,0.0,0.0,0.0,425000.0
36.0,97,2,2,5,2,1.0,0.0,0.0,0.0,189000.0
36.0,139,3,1,7,1,1.0,0.0,0.0,0.0,238000.0
32.0,66,1,1,11,2,1.0,0.0,0.0,0.0,220000.0
32.0,186,3,2,6,4,1.0,0.0,0.0,0.0,395000.0
27.0,129,3,2,9,2,0.0,1.0,0.0,0.0,470000.0
8.0,55,1,1,9,1,0.0,1.0,0.0,0.0,110000.0
15.0,120,2,1,10,2,0.0,1.0,0.0,0.0,288000.0
27.0,147,3,2,9,2,0.0,1.0,0.0,0.0,470000.0
27.0,163,3,2,10,2,0.0,1.0,0.0,0.0,520000.0
27.0,70,1,1,8,2,0.0,1.0,0.0,0.0,180000.0
6.0,115,3,1,11,1,0.0,1.0,0.0,0.0,285000.0
28.0,110,3,1,6,2,0.0,1.0,0.0,0.0,180000.0
21.0,140,2,1,11,2,0.0,1.0,0.0,0.0,240000.0
28.0,90,3,1,11,2,0.0,1.0,0.0,0.0,199000.0
18.0,144,3,1,11,2,0.0,1.0,0.0,0.0,310000.0
21.0,75,3,1,7,2,0.0,1.0,0.0,0.0,140000.0
10.0,275,2,1,7,2,0.0,1.0,0.0,0.0,140000.0
28.0,154,3,2,8,2,0.0,1.0,0.0,0.0,335000.0
28.0,300,2,1,8,2,0.0,1.0,0.0,0.0,435000.0
28.0,87,2,1,9,2,0.0,1.0,0.0,0.0,110000.0
28.0,60,1,1,11,2,0.0,1.0,0.0,0.0,118000.0
6.0,108,2,1,6,4,0.0,1.0,0.0,0.0,130000.0
15.0,88,2,1,3,2,0.0,1.0,0.0,0.0,120000.0
28.0,60,1,1,8,2,0.0,1.0,0.0,0.0,166000.0
16.0,180,2,1,6,1,0.0,1.0,0.0,0.0,260000.0
18.0,124,3,2,7,1,0.0,1.0,0.0,0.0,320000.0
18.0,100,3,1,11,2,0.0,1.0,0.0,0.0,150000.0
15.0,55,2,1,11,2,0.0,1.0,0.0,0.0,140000.0
18.0,187,4,2,11,2,0.0,1.0,0.0,0.0,420000.0
15.0,122,2,2,7,4,0.0,1.0,0.0,0.0,210000.0
28.0,113,2,1,8,5,0.0,1.0,0.0,0.0,250000.0
28.0,82,1,1,9,2,0.0,1.0,0.0,0.0,105000.0
28.0,80,1,1,6,2,0.0,1.0,0.0,0.0,130000.0
6.0,75,2,1,11,2,0.0,1.0,0.0,0.0,160000.0
21.0,100,2,1,11,1,0.0,1.0,0.0,0.0,160000.0
21.0,300,8,5,7,2,0.0,1.0,0.0,0.0,780000.0
15.0,85,3,1,5,3,0.0,1.0,0.0,0.0,165000.0
15.0,106,4,2,11,1,0.0,1.0,0.0,0.0,235000.0
28.0,90,2,2,11,2,0.0,1.0,0.0,0.0,180000.0
27.0,103,2,1,9,2,0.0,1.0,0.0,0.0,229000.0
10.0,105,2,1,11,2,0.0,1.0,0.0,0.0,140000.0
15.0,122,3,1,6,4,0.0,1.0,0.0,0.0,175000.0
18.0,80,3,1,5,5,0.0,1.0,0.0,0.0,120000.0
27.0,180,4,1,6,2,0.0,1.0,0.0,0.0,350000.0
28.0,100,3,1,6,2,0.0,1.0,0.0,0.0,157000.0
28.0,96,2,1,5,3,0.0,1.0,0.0,0.0,145000.0
6.0,67,2,1,9,2,0.0,1.0,0.0,0.0,140000.0
15.0,127,2,1,10,2,0.0,1.0,0.0,0.0,306000.0
27.0,117,2,1,10,2,0.0,1.0,0.0,0.0,307000.0
18.0,110,2,1,9,2,0.0,1.0,0.0,0.0,287000.0
15.0,121,2,1,10,2,0.0,1.0,0.0,0.0,291000.0
15.0,153,3,1,10,2,0.0,1.0,0.0,0.0,368000.0
15.0,207,3,1,10,2,0.0,1.0,0.0,0.0,459000.0
8.0,121,2,1,10,2,0.0,1.0,0.0,0.0,260000.0
8.0,95,2,1,10,2,0.0,1.0,0.0,0.0,205000.0
8.0,95,2,1,10,2,0.0,1.0,0.0,0.0,205000.0
28.0,75,2,1,6,2,0.0,1.0,0.0,0.0,147000.0
28.0,62,2,1,11,2,0.0,1.0,0.0,0.0,140000.0
28.0,260,2,2,8,2,0.0,1.0,0.0,0.0,1550000.0
6.0,80,2,1,6,2,0.0,1.0,0.0,0.0,155000.0
28.0,300,7,5,11,2,0.0,1.0,0.0,0.0,750000.0
6.0,128,3,2,7,2,0.0,1.0,0.0,0.0,270000.0
28.0,300,10,4,11,2,0.0,1.0,0.0,0.0,780000.0
6.0,110,3,1,6,3,0.0,1.0,0.0,0.0,180000.0
27.0,115,2,1,7,4,0.0,1.0,0.0,0.0,270000.0
15.0,74,2,1,11,2,0.0,1.0,0.0,0.0,195000.0
27.0,90,2,1,11,2,0.0,1.0,0.0,0.0,144000.0
28.0,115,3,2,7,4,0.0,1.0,0.0,0.0,2550000.0
28.0,90,2,1,7,4,0.0,1.0,0.0,0.0,148000.0
28.0,130,3,1,6,2,0.0,1.0,0.0,0.0,190000.0
18.0,136,2,1,9,2,0.0,1.0,0.0,0.0,255000.0
28.0,100,2,1,7,3,0.0,1.0,0.0,0.0,125000.0
8.0,92,2,1,10,2,0.0,1.0,0.0,0.0,200000.0
28.0,112,2,2,9,1,0.0,1.0,0.0,0.0,267000.0
18.0,85,2,1,9,2,0.0,1.0,0.0,0.0,150000.0
18.0,72,2,1,9,2,0.0,1.0,0.0,0.0,110000.0
27.0,100,2,2,10,2,0.0,1.0,0.0,0.0,298000.0
18.0,168,2,1,9,2,0.0,1.0,0.0,0.0,440000.0
27.0,90,2,1,9,2,0.0,1.0,0.0,0.0,267000.0
10.0,154,2,2,9,4,0.0,1.0,0.0,0.0,295000.0
15.0,90,3,2,8,3,0.0,1.0,0.0,0.0,190000.0
6.0,134,3,2,8,2,0.0,1.0,0.0,0.0,239000.0
18.0,100,3,2,11,2,0.0,1.0,0.0,0.0,300000.0
15.0,92,2,2,11,4,0.0,1.0,0.0,0.0,100000.0
18.0,145,2,1,9,2,0.0,1.0,0.0,0.0,340000.0
15.0,70,1,1,11,2,0.0,1.0,0.0,0.0,105000.0
28.0,104,2,1,10,2,0.0,1.0,0.0,0.0,219000.0
15.0,123,2,1,9,2,0.0,1.0,0.0,0.0,240000.0
15.0,116,2,1,9,2,0.0,1.0,0.0,0.0,268000.0
28.0,110,3,1,5,1,0.0,1.0,0.0,0.0,198000.0
9.0,103,3,1,8,1,0.0,1.0,0.0,0.0,175000.0
27.0,67,1,1,7,1,0.0,1.0,0.0,0.0,165000.0
28.0,94,3,1,11,2,0.0,1.0,0.0,0.0,190000.0
5.0,116,3,2,5,1,0.0,1.0,0.0,0.0,220000.0
18.0,99,2,1,7,2,0.0,1.0,0.0,0.0,205000.0
21.0,122,2,1,11,2,0.0,1.0,0.0,0.0,240000.0
8.0,64,1,1,10,2,0.0,1.0,0.0,0.0,200000.0
6.0,67,2,1,5,2,0.0,1.0,0.0,0.0,145000.0
8.0,92,2,1,10,2,0.0,1.0,0.0,0.0,200000.0
18.0,125,2,1,9,1,0.0,1.0,0.0,0.0,318000.0
28.0,111,2,2,9,2,0.0,1.0,0.0,0.0,260000.0
18.0,125,2,1,9,2,0.0,1.0,0.0,0.0,313000.0
28.0,100,6,4,11,2,0.0,1.0,0.0,0.0,500000.0
9.0,98,2,1,10,2,0.0,1.0,0.0,0.0,223000.0
15.0,300,4,1,6,1,0.0,1.0,0.0,0.0,260000.0
28.0,103,2,1,11,2,0.0,1.0,0.0,0.0,160000.0
28.0,114,3,1,8,5,0.0,1.0,0.0,0.0,285000.0
28.0,102,2,1,11,2,0.0,1.0,0.0,0.0,210000.0
8.0,125,2,2,7,5,0.0,1.0,0.0,0.0,180000.0
9.0,87,3,1,7,2,0.0,1.0,0.0,0.0,140000.0
5.0,83,2,1,9,2,0.0,1.0,0.0,0.0,150000.0
18.0,134,2,1,7,2,0.0,1.0,0.0,0.0,290000.0
28.0,124,3,1,11,2,0.0,1.0,0.0,0.0,230000.0
27.0,300,2,1,9,2,0.0,1.0,0.0,0.0,740000.0
9.0,89,2,1,9,1,0.0,1.0,0.0,0.0,163000.0
27.0,93,2,1,9,2,0.0,1.0,0.0,0.0,275000.0
18.0,75,2,1,9,2,0.0,1.0,0.0,0.0,160000.0
27.0,128,2,1,9,2,0.0,1.0,0.0,0.0,378000.0
15.0,148,3,1,10,2,0.0,1.0,0.0,0.0,355000.0
27.0,97,2,1,9,2,0.0,1.0,0.0,0.0,289000.0
15.0,171,3,1,10,2,0.0,1.0,0.0,0.0,398000.0
15.0,174,3,1,10,2,0.0,1.0,0.0,0.0,403000.0
27.0,163,3,3,9,2,0.0,1.0,0.0,0.0,520000.0
15.0,197,2,2,9,3,0.0,1.0,0.0,0.0,346000.0
27.0,114,2,1,10,2,0.0,1.0,0.0,0.0,370000.0
27.0,62,1,1,10,3,0.0,1.0,0.0,0.0,225000.0
15.0,174,3,1,10,2,0.0,1.0,0.0,0.0,391000.0
8.0,60,1,1,9,2,0.0,1.0,0.0,0.0,155000.0
8.0,92,1,1,9,2,0.0,1.0,0.0,0.0,230000.0
8.0,62,1,1,9,2,0.0,1.0,0.0,0.0,155000.0
27.0,62,1,1,9,2,0.0,1.0,0.0,0.0,225000.0
27.0,114,2,1,9,2,0.0,1.0,0.0,0.0,370000.0
9.0,107,3,1,9,2,0.0,1.0,0.0,0.0,244000.0
15.0,107,2,2,9,2,0.0,1.0,0.0,0.0,255000.0
9.0,109,3,1,9,2,0.0,1.0,0.0,0.0,248000.0
27.0,138,3,2,9,1,0.0,1.0,0.0,0.0,515665.0
15.0,114,2,2,9,2,0.0,1.0,0.0,0.0,270000.0
9.0,63,1,1,9,2,0.0,1.0,0.0,0.0,145000.0
27.0,150,3,3,10,3,0.0,1.0,0.0,0.0,546222.0
27.0,111,2,2,10,1,0.0,1.0,0.0,0.0,445134.0
15.0,57,1,1,9,2,0.0,1.0,0.0,0.0,150000.0
14.0,169,3,2,10,2,0.0,0.0,1.0,0.0,462200.0
14.0,70,3,1,6,2,0.0,0.0,1.0,0.0,135000.0
14.0,96,2,1,7,1,0.0,0.0,1.0,0.0,180000.0
14.0,112,3,2,7,2,0.0,0.0,1.0,0.0,190000.0
14.0,100,3,1,8,4,0.0,0.0,1.0,0.0,219000.0
14.0,108,3,1,11,4,0.0,0.0,1.0,0.0,160000.0
14.0,94,1,1,11,2,0.0,0.0,1.0,0.0,140000.0
14.0,170,3,2,9,6,0.0,0.0,1.0,0.0,330000.0
14.0,64,2,1,9,2,0.0,0.0,1.0,0.0,140000.0
14.0,79,2,1,9,2,0.0,0.0,1.0,0.0,150000.0
14.0,100,2,1,9,5,0.0,0.0,1.0,0.0,260000.0
14.0,186,2,1,9,2,0.0,0.0,1.0,0.0,375000.0
14.0,167,3,2,9,2,0.0,0.0,1.0,0.0,451200.0
14.0,141,3,2,9,6,0.0,0.0,1.0,0.0,360000.0
14.0,99,2,1,9,6,0.0,0.0,1.0,0.0,260000.0
14.0,100,2,1,7,2,0.0,0.0,1.0,0.0,240000.0
14.0,186,2,1,9,2,0.0,0.0,1.0,0.0,375000.0
14.0,78,2,1,9,2,0.0,0.0,1.0,0.0,165000.0
14.0,88,2,1,9,2,0.0,0.0,1.0,0.0,185000.0
14.0,105,2,1,9,2,0.0,0.0,1.0,0.0,145000.0
14.0,98,2,1,9,2,0.0,0.0,1.0,0.0,205000.0
14.0,71,1,1,11,2,0.0,0.0,1.0,0.0,160000.0
14.0,300,15,7,6,3,0.0,0.0,1.0,0.0,380000.0
14.0,160,3,2,10,2,0.0,0.0,1.0,0.0,360000.0
14.0,56,1,1,11,2,0.0,0.0,1.0,0.0,100000.0
14.0,101,3,1,11,2,0.0,0.0,1.0,0.0,220000.0
14.0,95,3,1,11,2,0.0,0.0,1.0,0.0,135000.0
14.0,82,2,1,6,3,0.0,0.0,1.0,0.0,145000.0
14.0,85,2,1,9,2,0.0,0.0,1.0,0.0,160000.0
14.0,150,3,1,9,4,0.0,0.0,1.0,0.0,340000.0
14.0,127,3,1,11,2,0.0,0.0,1.0,0.0,230000.0
14.0,70,1,1,10,2,0.0,0.0,1.0,0.0,140000.0
14.0,87,2,1,9,2,0.0,0.0,1.0,0.0,160000.0
14.0,148,3,1,11,2,0.0,0.0,1.0,0.0,245000.0
14.0,141,2,1,9,2,0.0,0.0,1.0,0.0,282000.0
14.0,87,2,1,9,2,0.0,0.0,1.0,0.0,160000.0
14.0,100,2,1,9,2,0.0,0.0,1.0,0.0,260000.0
14.0,120,2,1,9,2,0.0,0.0,1.0,0.0,280000.0
14.0,100,2,1,9,2,0.0,0.0,1.0,0.0,260000.0
14.0,45,1,1,6,2,0.0,0.0,1.0,0.0,150000.0
14.0,74,1,1,6,1,0.0,0.0,1.0,0.0,125000.0
14.0,87,2,1,11,2,0.0,0.0,1.0,0.0,180000.0
14.0,140,3,1,9,1,0.0,0.0,1.0,0.0,380000.0
14.0,300,8,4,11,2,0.0,0.0,1.0,0.0,950000.0
14.0,58,1,1,10,2,0.0,0.0,1.0,0.0,175000.0
14.0,90,2,1,7,2,0.0,0.0,1.0,0.0,210000.0
